{"stats":{"minecraft:dropped":{"minecraft:glass_bottle":2,"minecraft:rotten_flesh":10,"minecraft:oak_planks":3,"minecraft:azure_bluet":2,"magistuarmory:rustedcrusader_boots":1,"tombstone:magic_scroll":1,"minecraft:torch":1,"minecraft:beetroot_seeds":3,"minecraft:dandelion":2},"minecraft:picked_up":{"irons_spellbooks:scroll":1,"minecraft:charcoal":2,"minecraft:azure_bluet":2,"minecraft:cooked_beef":4,"minecraft:leather":5,"minecraft:oak_log":3,"minecraft:gunpowder":1,"minecraft:dirt":20,"minecraft:cooked_mutton":4,"minecraft:bone":9,"terramity:electronic_scrap":1,"minecraft:blackstone":2,"minecraft:stone_bricks":4,"minecraft:bow":1,"minecraft:cracked_stone_bricks":3,"minecraft:candle":17,"minecraft:wheat_seeds":7,"minecraft:iron_ingot":1,"minecraft:beef":7,"minecraft:glass_bottle":1,"minecraft:lectern":2,"minecraft:chest":2,"irons_spellbooks:inscription_table":1,"minecraft:stick":4,"minecraft:torch":4,"minecraft:dandelion":2,"minecraft:polished_blackstone_bricks":2,"minecraft:arrow":2,"minecraft:rotten_flesh":8,"minecraft:writable_book":1,"magistuarmory:rustedcrusader_boots":2,"tombstone:magic_scroll":1,"terramity:gold_round":21,"minecraft:coal":1,"minecraft:cobblestone":10},"minecraft:broken":{"magistuarmory:rustedcrusader_boots":1,"magistuarmory:rustedchainmail_boots":1,"magistuarmory:rustedbarbute":1,"magistuarmory:rustedcrusader_chestplate":1,"magistuarmory:rustedchainmail_leggings":1},"minecraft:custom":{"minecraft:mob_kills":12,"minecraft:traded_with_villager":17,"minecraft:interact_with_crafting_table":2,"minecraft:open_barrel":10,"minecraft:interact_with_campfire":7,"minecraft:leave_game":2,"minecraft:time_since_death":7674,"minecraft:time_since_rest":7434,"minecraft:sprint_one_cm":57338,"minecraft:damage_taken":3692,"minecraft:walk_one_cm":123201,"minecraft:damage_blocked_by_shield":55,"minecraft:drop":16,"minecraft:damage_dealt":2552,"minecraft:fly_one_cm":99159,"minecraft:open_chest":7,"minecraft:crouch_one_cm":17027,"minecraft:play_time":53111,"tombstone:undead_killed":3,"minecraft:deaths":7,"minecraft:sneak_time":7634,"minecraft:jump":478,"minecraft:total_world_time":53111,"minecraft:fall_one_cm":11057},"minecraft:crafted":{"minecraft:oak_planks":16,"minecraft:emerald":32,"minecraft:crafting_table":1,"minecraft:spruce_planks":4,"minecraft:wooden_pickaxe":1,"irons_spellbooks:fire_ale":1,"minecraft:air":0,"minecraft:stick":4,"minecraft:torch":4},"minecraft:killed":{"terramity:elite_skeleton":1,"minecraft:skeleton":1,"terramity:simple_turret":1,"minecraft:zombie":1,"minecraft:cow":1},"minecraft:killed_by":{"terramity:elite_skeleton":4,"minecraft:creeper":1,"minecraft:zombie":1,"terramity:simple_turret":1},"minecraft:mined":{"minecraft:blackstone":2,"minecraft:candle":7,"minecraft:torch":1,"minecraft:grass_block":4,"minecraft:chest":2,"minecraft:lectern":2,"minecraft:campfire":1,"minecraft:wall_torch":3,"minecraft:polished_blackstone_bricks":2,"minecraft:grass":1,"minecraft:oak_log":3,"minecraft:coal_ore":1,"minecraft:dirt":10,"minecraft:cracked_stone_bricks":4,"irons_spellbooks:inscription_table":1,"minecraft:stone":12,"minecraft:stone_bricks":2},"minecraft:used":{"minecraft:baked_potato":28,"minecraft:oak_planks":4,"minecraft:blackstone":2,"minecraft:chest":1,"minecraft:spruce_planks":4,"minecraft:wooden_pickaxe":41,"minecraft:cracked_stone_bricks":3,"minecraft:torch":6,"minecraft:dirt":20,"minecraft:crafting_table":1,"minecraft:bread":2,"tombstone:grave_key":2,"minecraft:stone_bricks":4,"minecraft:cobblestone":10,"minecraft:bow":2,"magistuarmory:rusted_bastardsword":87}},"DataVersion":3465}