{"stats":{"minecraft:dropped":{"minecraft:wheat_seeds":1,"minecraft:glass_bottle":2,"minecraft:minecart":2,"magistuarmory:rustedcrusader_boots":1,"tombstone:magic_scroll":1,"minecraft:torch":1,"minecraft:sunflower":3,"minecraft:dandelion":2,"minecraft:mangrove_roots":1,"minecraft:raw_copper":2,"minecraft:rotten_flesh":10,"minecraft:oak_planks":3,"minecraft:azure_bluet":2,"minecraft:beetroot_seeds":3,"minecraft:chest":1,"terramity:gold_round":38,"collectorsalbum:album":1},"minecraft:picked_up":{"irons_spellbooks:scroll":1,"minecraft:charcoal":2,"minecraft:crafting_table":1,"minecraft:allium":5,"minecraft:azure_bluet":2,"minecraft:purple_wool":3,"collectorsalbum:rare_horse_card":2,"minecraft:oak_stairs":1,"collectorsalbum:common_netherite_boots_card":1,"minecraft:string":8,"minecraft:soul_soil":1,"minecraft:raw_copper":10,"collectorsalbum:mythical_card_package":1,"minecraft:red_nether_bricks":11,"minecraft:blackstone":2,"minecraft:cyan_carpet":4,"terramity:electronic_scrap":3,"terramity:accursed_soul":9,"minecraft:cracked_stone_bricks":3,"minecraft:candle":17,"minecraft:spruce_planks":4,"minecraft:beef":7,"minecraft:calcite":9,"minecraft:minecart":2,"minecraft:lectern":2,"minecraft:chest":2,"irons_spellbooks:inscription_table":1,"minecraft:raw_copper_block":1,"minecraft:egg":2,"minecraft:stick":4,"minecraft:stripped_mangrove_wood":5,"minecraft:torch":8,"minecraft:porkchop":1,"minecraft:polished_blackstone_bricks":2,"minecraft:cherry_log":2,"tombstone:grave_dust":6,"minecraft:diorite":1,"minecraft:carrot":1,"minecraft:rotten_flesh":26,"minecraft:arrow":5,"collectorsalbum:epic_card_package":3,"minecraft:peony":5,"minecraft:hay_block":2,"terramity:spiteful_soul":1,"minecraft:mangrove_roots":1,"collectorsalbum:common_card_package":1,"minecraft:cobblestone":25,"minecraft:cooked_beef":4,"minecraft:leather":5,"minecraft:oak_log":3,"collectorsalbum:album":1,"minecraft:gunpowder":1,"minecraft:dirt":23,"collectorsalbum:legendary_card_package":1,"minecraft:twisting_vines":2,"minecraft:cooked_mutton":4,"minecraft:purple_carpet":9,"minecraft:bone":17,"minecraft:red_nether_brick_stairs":1,"minecraft:gray_carpet":4,"minecraft:stone_bricks":4,"minecraft:bow":2,"minecraft:wheat_seeds":9,"minecraft:iron_ingot":3,"minecraft:glass_bottle":1,"minecraft:bamboo":10,"minecraft:oak_planks":1,"minecraft:book":9,"minecraft:dandelion":2,"collectorsalbum:uncommon_magma_cube_card":1,"collectorsalbum:rare_card_package":2,"minecraft:dark_oak_log":3,"minecraft:mossy_cobblestone":2,"travelersbackpack:standard":1,"minecraft:purple_bed":14,"minecraft:soul_lantern":1,"minecraft:writable_book":1,"magistuarmory:rustedcrusader_boots":2,"minecraft:emerald":1,"minecraft:red_nether_brick_slab":1,"tombstone:magic_scroll":1,"minecraft:coal":1,"terramity:gold_round":34,"minecraft:sunflower":3},"minecraft:broken":{"magistuarmory:rustedcrusader_boots":1,"magistuarmory:rustedchainmail_boots":2,"minecraft:stone_sword":1,"magistuarmory:rustedcrusader_chestplate":1,"magistuarmory:rusted_heavymace":1,"magistuarmory:rustedbarbute":1,"magistuarmory:rusted_bastardsword":1,"magistuarmory:rustedchainmail_leggings":1},"minecraft:custom":{"minecraft:mob_kills":52,"minecraft:interact_with_crafting_table":5,"minecraft:open_barrel":25,"minecraft:interact_with_campfire":7,"minecraft:leave_game":3,"minecraft:time_since_death":16379,"minecraft:climb_one_cm":12,"minecraft:sprint_one_cm":237097,"minecraft:walk_one_cm":424392,"minecraft:damage_blocked_by_shield":55,"minecraft:drop":28,"minecraft:play_noteblock":2,"minecraft:play_time":159946,"minecraft:deaths":15,"minecraft:sneak_time":18386,"minecraft:jump":1801,"minecraft:interact_with_blast_furnace":4,"minecraft:walk_on_water_one_cm":201,"minecraft:total_world_time":159946,"minecraft:interact_with_furnace":4,"tombstone:raider_killed":2,"minecraft:traded_with_villager":17,"minecraft:interact_with_cartography_table":1,"minecraft:interact_with_loom":1,"minecraft:interact_with_stonecutter":2,"minecraft:sleep_in_bed":5,"minecraft:time_since_rest":11554,"minecraft:damage_taken":7441,"minecraft:damage_dealt":14436,"minecraft:fly_one_cm":391168,"minecraft:open_chest":27,"minecraft:crouch_one_cm":42710,"tombstone:undead_killed":34,"minecraft:fall_one_cm":52190},"minecraft:crafted":{"minecraft:cherry_planks":8,"minecraft:oak_planks":24,"minecraft:pink_dye":10,"irons_spellbooks:fire_ale":1,"minecraft:stone_pickaxe":1,"minecraft:dark_oak_planks":24,"minecraft:magenta_dye":3,"minecraft:wheat":18,"minecraft:emerald":32,"minecraft:crafting_table":2,"minecraft:spruce_planks":12,"minecraft:wooden_pickaxe":1,"minecraft:copper_ingot":3,"minecraft:air":0,"minecraft:stick":12,"minecraft:stone_sword":2,"minecraft:torch":4},"minecraft:killed":{"minecraft:vindicator":1,"minecraft:skeleton":9,"undead_revamp2:sucker":1,"minecraft:husk":15,"minecraft:pig":1,"terramity:elite_skeleton":2,"minecraft:frog":1,"minecraft:pillager":1,"terramity:simple_turret":2,"minecraft:zombie":7,"minecraft:cow":1},"minecraft:killed_by":{"minecraft:husk":1,"terramity:elite_skeleton":6,"minecraft:creeper":1,"terramity:simple_turret":2,"minecraft:vindicator":1,"minecraft:skeleton":2,"minecraft:zombie":2},"minecraft:mined":{"minecraft:spruce_planks":4,"minecraft:mossy_cobblestone":2,"minecraft:candle":7,"minecraft:cherry_log":2,"minecraft:dark_oak_log":3,"minecraft:red_nether_bricks":4,"minecraft:mangrove_roots":1,"minecraft:allium":5,"minecraft:grass_block":4,"minecraft:soul_soil":1,"minecraft:hay_block":2,"minecraft:polished_blackstone_bricks":2,"minecraft:peony":6,"minecraft:bookshelf":3,"minecraft:oak_stairs":1,"minecraft:bamboo":1,"irons_spellbooks:inscription_table":1,"minecraft:stone":13,"minecraft:player_head":1,"minecraft:blackstone":2,"minecraft:twisting_vines_plant":1,"minecraft:crafting_table":1,"minecraft:torch":5,"minecraft:chest":2,"minecraft:campfire":1,"minecraft:lectern":2,"minecraft:tall_grass":1,"minecraft:cobblestone":11,"minecraft:oak_planks":1,"minecraft:wall_torch":5,"minecraft:deepslate_copper_ore":4,"minecraft:purple_wool":3,"minecraft:purple_bed":14,"minecraft:grass":16,"minecraft:coal_ore":1,"minecraft:oak_log":3,"minecraft:sunflower":2,"minecraft:cyan_carpet":3,"minecraft:dirt":11,"minecraft:gray_carpet":3,"structure_gel:dynamic_spawner":2,"minecraft:cobweb":12,"minecraft:cracked_stone_bricks":4,"minecraft:raw_copper_block":1,"minecraft:stone_bricks":2},"minecraft:used":{"minecraft:stone_sword":151,"magistuarmory:rusted_heavymace":267,"minecraft:spruce_planks":20,"minecraft:chest":1,"minecraft:torch":13,"minecraft:dirt":27,"minecraft:dark_oak_planks":24,"minecraft:oak_stairs":1,"minecraft:stone_bricks":4,"minecraft:basalt":1,"minecraft:bow":2,"minecraft:soul_soil":1,"magistuarmory:rusted_bastardsword":241,"tombstone:gift":5,"minecraft:calcite":9,"minecraft:cooked_mutton":1,"minecraft:diorite":1,"minecraft:stone_pickaxe":13,"minecraft:oak_planks":17,"minecraft:baked_potato":33,"minecraft:red_nether_bricks":11,"minecraft:blackstone":2,"minecraft:wooden_pickaxe":62,"minecraft:mossy_cobblestone":1,"minecraft:cracked_stone_bricks":3,"minecraft:stripped_mangrove_wood":5,"minecraft:crafting_table":3,"minecraft:bread":33,"tombstone:grave_key":4,"minecraft:soul_lantern":1,"minecraft:cobblestone":18,"travelersbackpack:standard":23,"minecraft:purple_bed":11}},"DataVersion":3465}