{"stats":{"minecraft:dropped":{"minecraft:glass_bottle":2,"minecraft:rotten_flesh":10,"minecraft:oak_planks":3,"minecraft:azure_bluet":2,"magistuarmory:rustedcrusader_boots":1,"tombstone:magic_scroll":1,"minecraft:torch":1,"minecraft:beetroot_seeds":3,"minecraft:dandelion":2,"collectorsalbum:album":1},"minecraft:picked_up":{"irons_spellbooks:scroll":1,"minecraft:charcoal":2,"minecraft:azure_bluet":2,"minecraft:cooked_beef":4,"minecraft:leather":5,"collectorsalbum:rare_horse_card":2,"minecraft:oak_log":3,"collectorsalbum:album":1,"minecraft:gunpowder":1,"minecraft:dirt":22,"minecraft:cooked_mutton":4,"minecraft:bone":16,"terramity:electronic_scrap":3,"minecraft:blackstone":2,"minecraft:stone_bricks":4,"minecraft:bow":2,"minecraft:cracked_stone_bricks":3,"minecraft:candle":17,"minecraft:wheat_seeds":8,"minecraft:iron_ingot":3,"minecraft:beef":7,"minecraft:glass_bottle":1,"minecraft:lectern":2,"minecraft:chest":2,"irons_spellbooks:inscription_table":1,"minecraft:stick":4,"minecraft:torch":4,"minecraft:dandelion":2,"minecraft:polished_blackstone_bricks":2,"tombstone:grave_dust":1,"travelersbackpack:standard":1,"minecraft:arrow":2,"minecraft:rotten_flesh":10,"minecraft:writable_book":1,"magistuarmory:rustedcrusader_boots":2,"tombstone:magic_scroll":1,"terramity:gold_round":34,"minecraft:coal":1,"collectorsalbum:common_card_package":1,"minecraft:cobblestone":11},"minecraft:broken":{"magistuarmory:rustedcrusader_boots":1,"magistuarmory:rustedchainmail_boots":1,"magistuarmory:rustedbarbute":1,"magistuarmory:rustedcrusader_chestplate":1,"magistuarmory:rustedchainmail_leggings":1},"minecraft:custom":{"minecraft:mob_kills":18,"tombstone:raider_killed":1,"minecraft:traded_with_villager":17,"minecraft:interact_with_crafting_table":2,"minecraft:open_barrel":10,"minecraft:interact_with_campfire":7,"minecraft:leave_game":3,"minecraft:time_since_death":1621,"minecraft:time_since_rest":1417,"minecraft:sprint_one_cm":73375,"minecraft:damage_taken":5100,"minecraft:walk_one_cm":145638,"minecraft:damage_blocked_by_shield":55,"minecraft:drop":17,"minecraft:damage_dealt":4117,"minecraft:fly_one_cm":110360,"minecraft:open_chest":12,"minecraft:crouch_one_cm":17498,"minecraft:play_time":67820,"tombstone:undead_killed":6,"minecraft:deaths":11,"minecraft:sneak_time":7833,"minecraft:jump":569,"minecraft:total_world_time":67820,"minecraft:fall_one_cm":13178},"minecraft:crafted":{"minecraft:oak_planks":16,"minecraft:emerald":32,"minecraft:crafting_table":1,"minecraft:spruce_planks":4,"minecraft:wooden_pickaxe":1,"irons_spellbooks:fire_ale":1,"minecraft:air":0,"minecraft:stick":4,"minecraft:torch":4},"minecraft:killed":{"terramity:elite_skeleton":2,"minecraft:skeleton":3,"minecraft:pillager":1,"terramity:simple_turret":2,"minecraft:zombie":1,"minecraft:cow":1},"minecraft:killed_by":{"terramity:elite_skeleton":6,"minecraft:skeleton":1,"minecraft:creeper":1,"minecraft:zombie":1,"terramity:simple_turret":2},"minecraft:mined":{"minecraft:blackstone":2,"minecraft:candle":7,"minecraft:torch":1,"minecraft:grass_block":4,"minecraft:chest":2,"minecraft:lectern":2,"minecraft:campfire":1,"minecraft:wall_torch":3,"minecraft:polished_blackstone_bricks":2,"minecraft:grass":1,"minecraft:oak_log":3,"minecraft:coal_ore":1,"minecraft:dirt":10,"minecraft:cracked_stone_bricks":4,"irons_spellbooks:inscription_table":1,"minecraft:stone":13,"minecraft:stone_bricks":2},"minecraft:used":{"minecraft:cooked_mutton":1,"minecraft:baked_potato":33,"minecraft:oak_planks":4,"minecraft:blackstone":2,"minecraft:chest":1,"minecraft:spruce_planks":4,"minecraft:wooden_pickaxe":42,"minecraft:cracked_stone_bricks":3,"minecraft:torch":6,"minecraft:dirt":20,"minecraft:crafting_table":1,"minecraft:bread":2,"tombstone:grave_key":3,"minecraft:stone_bricks":4,"minecraft:cobblestone":10,"minecraft:bow":2,"travelersbackpack:standard":3,"magistuarmory:rusted_bastardsword":130,"tombstone:gift":2}},"DataVersion":3465}