{"stats":{"minecraft:crafted":{"minecraft:oak_planks":80,"minecraft:cooked_chicken":7,"new_ores_1_20_1:ruby_pickaxe":1,"minecraft:bookshelf":9,"minecraft:cooked_mutton":2,"minecraft:chest":4,"new_ores_1_20_1:silver_ingot":22,"minecraft:emerald":9,"new_ores_1_20_1:turmaline":2,"new_ores_1_20_1:steel_ingot":14,"new_ores_1_20_1:moonstone":1,"new_ores_1_20_1:ruby":3,"new_ores_1_20_1:sunstone_armor_chestplate":1,"minecraft:wooden_hoe":1,"minecraft:stick":24,"new_ores_1_20_1:sunstone":9,"minecraft:stone_sword":5,"minecraft:moss_carpet":30,"minecraft:stone_pickaxe":1,"minecraft:dark_oak_planks":32,"minecraft:cooked_beef":6,"new_ores_1_20_1:bronze_ingot":3,"minecraft:cooked_salmon":6,"minecraft:bucket":1,"minecraft:stone_axe":6,"minecraft:air":0,"new_ores_1_20_1:topaz":4,"new_ores_1_20_1:sapphire":4},"minecraft:used":{"minecraft:moss_block":11,"minecraft:moss_carpet":42,"minecraft:writable_book":1,"minecraft:polished_deepslate":16,"minecraft:dispenser":1,"minecraft:poppy":2,"minecraft:black_carpet":5,"minecraft:chest":16,"minecraft:shield":2,"minecraft:rotten_flesh":7,"horror_element_mod:blood_8":1,"minecraft:acacia_sapling":4,"horror_element_mod:villager_head":1,"minecraft:quartz_block":1,"minecraft:iron_helmet":1,"minecraft:stone_bricks":10,"minecraft:birch_trapdoor":4,"minecraft:furnace":4,"minecraft:gray_bed":2,"minecraft:skeleton_skull":2,"horror_element_mod:blood_9":1,"minecraft:mossy_stone_bricks":1,"minecraft:diamond_boots":1,"minecraft:stone_pickaxe":49,"minecraft:oak_planks":319,"horror_element_mod:impaled_head":3,"travelersbackpack:iron_golem":3,"minecraft:golden_apple":1,"new_ores_1_20_1:sunstone_armor_chestplate":1,"minecraft:lightning_rod":2,"minecraft:redstone_torch":5,"minecraft:lever":1,"new_ores_1_20_1:ruby_pickaxe":1204,"minecraft:bread":6,"horror_element_mod:hazzmat_head":2,"minecraft:iron_door":2,"minecraft:gravel":1,"minecraft:soul_lantern":7,"minecraft:diamond_sword":547,"minecraft:wooden_sword":39,"minecraft:chain":21,"minecraft:smooth_stone_slab":19,"minecraft:cobweb":5,"minecraft:spruce_planks":36,"minecraft:cooked_chicken":2,"minecraft:netherrack":2,"minecraft:torch":96,"minecraft:dirt":32,"minecraft:anvil":1,"new_ores_1_20_1:sapphire_pickaxe":229,"minecraft:dark_oak_planks":13,"minecraft:bookshelf":9,"dungeons_plus:soul_cannon":4,"minecraft:barrel":2,"minecraft:diamond_chestplate":1,"minecraft:cooked_beef":2,"minecraft:cobbled_deepslate":63,"minecraft:observer":2,"minecraft:enchanted_golden_apple":85,"minecraft:iron_leggings":1,"man:redcandle":1,"minecraft:crafting_table":2,"minecraft:smoker":2,"minecraft:stone_axe":164,"minecraft:cobblestone":147,"minecraft:bucket":7,"minecraft:black_candle":9,"horror_element_mod:blood_7":2,"minecraft:splash_potion":1},"minecraft:mined":{"undead_revamp2:arapholia":1,"minecraft:dark_oak_planks":6,"minecraft:spruce_planks":36,"minecraft:stone_pressure_plate":2,"horror_element_mod:self_terminated_body":1,"minecraft:sculk_vein":5,"minecraft:granite":3,"minecraft:grass_block":14,"uniquedungeons:ancient_roots":4,"minecraft:cracked_polished_blackstone_bricks":1,"minecraft:deepslate_bricks":2,"minecraft:deepslate_tile_stairs":5,"uniquedungeons:antique_pebble":5,"horror_element_mod:rotten_body":1,"minecraft:sculk_catalyst":1,"horror_element_mod:villager_head":1,"minecraft:iron_ore":6,"minecraft:cobbled_deepslate":3,"minecraft:fire":2,"minecraft:barrel":2,"uniquedungeons:dark_antique_stone_slab":2,"minecraft:moss_carpet":8,"minecraft:black_carpet":5,"minecraft:anvil":1,"minecraft:black_candle":3,"horror_element_mod:crucified_body":1,"horror_element_mod:sliced_body":2,"new_ores_1_20_1:bronze_ore":3,"minecraft:spruce_slab":5,"horror_element_mod:hazzmat_head":2,"minecraft:jungle_trapdoor":1,"minecraft:deepslate_redstone_ore":3,"uniquedungeons:dark_antique_stone_stairs":1,"horror_element_mod:dead_experiment":1,"horror_element_mod:hazzmat_body":4,"minecraft:quartz_block":1,"minecraft:red_bed":1,"minecraft:kelp_plant":5,"minecraft:smoker":2,"minecraft:soul_lantern":5,"new_ores_1_20_1:steel_ore":26,"minecraft:torch":17,"new_ores_1_20_1:moonstone_block":1,"minecraft:chest":9,"man:redcandle":1,"minecraft:glass":5,"minecraft:cobblestone":9,"minecraft:oak_planks":11,"minecraft:sugar_cane":1,"minecraft:iron_door":3,"minecraft:wall_torch":19,"minecraft:skeleton_skull":2,"minecraft:chain":21,"minecraft:acacia_sapling":1,"minecraft:birch_log":7,"horror_element_mod:spiked_villager":3,"minecraft:birch_trapdoor":4,"minecraft:smooth_stone_slab":21,"minecraft:grass":13,"minecraft:cracked_deepslate_tiles":4,"minecraft:oak_log":20,"horror_element_mod:blood_1":6,"minecraft:dirt":20,"horror_element_mod:blood_9":2,"minecraft:netherrack":6,"uniquedungeons:rooted_ground":10,"new_ores_1_20_1:silver_ore":26,"minecraft:oak_leaves":15,"minecraft:deepslate":248,"minecraft:emerald_block":1,"uniquedungeons:urn":1,"minecraft:tuff":3,"horror_element_mod:blood_3":1,"minecraft:dark_oak_log":8,"horror_element_mod:hanging_villager":1,"minecraft:glow_lichen":9,"minecraft:lever":1,"gravestone:gravestone":2,"minecraft:chiseled_bookshelf":3,"uniquedungeons:dark_antique_stone":26,"minecraft:spruce_fence":15,"horror_element_mod:blood_8":2,"horror_element_mod:blood_2":11,"minecraft:moss_block":30,"minecraft:kelp":4,"minecraft:sandstone":45,"horror_element_mod:broken_tv":1,"minecraft:spore_blossom":1,"minecraft:furnace":4,"minecraft:polished_deepslate":23,"minecraft:bookshelf":9,"minecraft:deepslate_iron_ore":1,"minecraft:vine":25,"horror_element_mod:blood_7":3,"minecraft:stone":764,"new_ores_1_20_1:turmaline_ore":2,"minecraft:redstone_wall_torch":4,"minecraft:flowering_azalea":1,"minecraft:hanging_roots":1,"new_ores_1_20_1:moonstone_ore":1,"minecraft:observer":2,"minecraft:crafting_table":1,"uniquedungeons:dried_quick_sand":7,"horror_element_mod:broken_light":1,"horror_element_mod:hanging_corpse_1":1,"minecraft:sculk_sensor":1,"minecraft:campfire":1,"minecraft:lightning_rod":9,"minecraft:copper_ore":16,"minecraft:tall_grass":12,"new_ores_1_20_1:sapphire_ore":4,"minecraft:deepslate_gold_ore":5,"endofherobrine:mossy_stone_bricks":7,"minecraft:cracked_deepslate_bricks":12,"minecraft:sculk":1,"horror_element_mod:impaled_head":4,"minecraft:big_dripleaf":1,"minecraft:coarse_dirt":2,"new_ores_1_20_1:sunstone_ore":1,"new_ores_1_20_1:sunstone_block":1,"minecraft:gray_bed":1,"minecraft:birch_leaves":2,"minecraft:coal_ore":84,"minecraft:mycelium":7,"horror_element_mod:hanging_corpse_2":1,"minecraft:gravel":1,"minecraft:dripstone_block":1,"minecraft:cobweb":5,"minecraft:cracked_stone_bricks":5,"minecraft:stone_bricks":2,"minecraft:small_dripleaf":1,"minecraft:iron_trapdoor":11},"minecraft:broken":{"minecraft:iron_leggings":1,"minecraft:diamond_boots":1,"minecraft:wooden_sword":1,"minecraft:stone_axe":1,"minecraft:iron_helmet":1},"minecraft:dropped":{"minecraft:brown_mushroom":2,"uniquedungeons:dark_antique_stone_stairs":1,"new_ores_1_20_1:ruby_pickaxe":2,"minecraft:saddle":1,"minecraft:emerald":12,"minecraft:cracked_polished_blackstone_bricks":1,"minecraft:dispenser":1,"gravestone:obituary":2,"minecraft:writable_book":1,"minecraft:sand":1,"eeeabsmobs:soul_summoning_necklace":1,"minecraft:chiseled_polished_blackstone":2,"minecraft:stone_axe":4,"minecraft:birch_sapling":1,"undead_revamp2:arapholia":1,"minecraft:rotten_flesh":8,"minecraft:honey_bottle":1,"minecraft:hopper":1,"minecraft:leather_boots":2,"minecraft:quartz":2,"minecraft:splash_potion":1,"minecraft:egg":1,"minecraft:wheat_seeds":1,"minecraft:cobblestone":264,"minecraft:iron_helmet":1,"minecraft:observer":4,"minecraft:granite":1,"minecraft:grass_block":1,"minecraft:coal":1,"new_ores_1_20_1:sunstone_armor_chestplate":1,"minecraft:torch":1,"minecraft:iron_door":2,"minecraft:flowering_azalea":1,"dungeons_plus:soul_cannon":1,"horror_element_mod:impaled_head":1,"new_ores_1_20_1:sapphire_pickaxe":1,"minecraft:string":1,"minecraft:smooth_sandstone":1,"minecraft:music_disc_cat":1,"minecraft:furnace":1,"minecraft:nether_wart":1,"minecraft:coarse_dirt":4,"minecraft:stone_sword":4,"horror_element_mod:blood_7":2,"minecraft:lightning_rod":1,"minecraft:deepslate_bricks":2,"minecraft:diamond_sword":1,"minecraft:big_dripleaf":3,"minecraft:shield":1,"man:tearoftheman":1,"minecraft:diamond_chestplate":1,"minecraft:spruce_planks":2,"minecraft:stone_pressure_plate":2,"minecraft:stone_pickaxe":1,"minecraft:magma_block":4},"minecraft:picked_up":{"minecraft:black_carpet":5,"minecraft:wheat":4,"minecraft:iron_trapdoor":29,"minecraft:anvil":1,"eeeabsmobs:soul_summoning_necklace":1,"minecraft:lead":1,"minecraft:diamond_sword":3,"horror_element_mod:blood_1":6,"minecraft:nether_brick":9,"minecraft:polished_deepslate":59,"minecraft:music_disc_cat":3,"minecraft:string":1,"minecraft:raw_copper":79,"minecraft:smooth_stone_slab":50,"minecraft:iron_leggings":1,"minecraft:diamond_leggings":1,"minecraft:cobbled_deepslate":547,"minecraft:spruce_planks":44,"minecraft:redstone_torch":7,"uniquedungeons:antique_pebble":5,"minecraft:enchanted_golden_apple":271,"minecraft:furnace":5,"minecraft:stick":13,"minecraft:big_dripleaf":3,"minecraft:birch_trapdoor":4,"minecraft:torch":179,"horror_element_mod:blood_9":2,"minecraft:porkchop":12,"minecraft:dried_kelp":1,"minecraft:lightning_rod":21,"minecraft:diorite":28,"horror_element_mod:blood_8":2,"minecraft:deepslate_tile_stairs":5,"new_ores_1_20_1:sapphire_pickaxe":1,"minecraft:quartz_block":9,"minecraft:stone_sword":4,"man:redcandle":1,"minecraft:honey_bottle":4,"minecraft:rotten_flesh":209,"new_ores_1_20_1:moonstone_block":1,"undead_revamp2:arapholia":1,"minecraft:cobblestone":596,"new_ores_1_20_1:sapphire_ore":4,"minecraft:birch_log":14,"new_ores_1_20_1:silver_ore":26,"travelersbackpack:iron_golem":1,"minecraft:magma_block":6,"minecraft:feather":10,"minecraft:iron_door":4,"minecraft:andesite":2,"minecraft:smoker":2,"undead_revamp2:huntereye":1,"horror_element_mod:villager_head":1,"new_ores_1_20_1:moonstone_ore":1,"minecraft:dirt":149,"new_ores_1_20_1:ruby_ore":6,"minecraft:leather_boots":1,"minecraft:bone":17,"horror_element_mod:hazzmat_head":2,"minecraft:bow":2,"minecraft:wheat_seeds":7,"minecraft:raw_gold":5,"minecraft:mossy_stone_bricks":1,"minecraft:moss_block":39,"new_ores_1_20_1:sunstone_armor_chestplate":1,"minecraft:oak_planks":28,"new_ores_1_20_1:bronze_ore":3,"minecraft:chiseled_polished_blackstone":4,"minecraft:sand":1,"new_ores_1_20_1:ruby_pickaxe":2,"new_ores_1_20_1:topaz_ore":4,"minecraft:grass_block":3,"minecraft:dark_oak_log":9,"minecraft:barrel":2,"sons_of_sins:flesh_of_demise":1,"man:tearoftheman":2,"minecraft:dispenser":3,"horror_element_mod:blood_2":10,"minecraft:soul_lantern":7,"minecraft:lever":4,"minecraft:cracked_polished_blackstone_bricks":1,"minecraft:granite":1,"new_ores_1_20_1:sunstone_block":1,"minecraft:golden_apple":1,"minecraft:emerald":2,"minecraft:bread":15,"minecraft:oak_sapling":15,"minecraft:netherrack":8,"new_ores_1_20_1:steel_ore":22,"minecraft:charcoal":7,"minecraft:crafting_table":2,"minecraft:coarse_dirt":4,"minecraft:splash_potion":1,"minecraft:chicken":8,"minecraft:nether_wart":17,"minecraft:brown_mushroom":5,"minecraft:chain":21,"gravestone:obituary":6,"uniquedungeons:ancient_root_item":12,"minecraft:shield":2,"minecraft:moss_carpet":15,"minecraft:red_bed":1,"minecraft:jungle_trapdoor":3,"uniquedungeons:dark_antique_stone_stairs":1,"minecraft:oak_trapdoor":6,"minecraft:cracked_stone_bricks":1,"minecraft:beef":10,"minecraft:observer":9,"minecraft:spruce_slab":12,"minecraft:poppy":4,"minecraft:birch_sapling":4,"minecraft:chest":12,"minecraft:sugar_cane":2,"minecraft:egg":5,"minecraft:raw_iron":2,"minecraft:sandstone":50,"sons_of_sins:bloody_bone":1,"minecraft:spruce_fence":45,"minecraft:redstone":64,"minecraft:stone_pressure_plate":2,"minecraft:dark_oak_planks":13,"new_ores_1_20_1:sunstone_ore":1,"horror_element_mod:impaled_head":4,"minecraft:arrow":9,"minecraft:diamond_chestplate":2,"minecraft:deepslate_bricks":2,"minecraft:diamond_boots":2,"minecraft:cracked_deepslate_bricks":13,"minecraft:saddle":3,"dungeons_plus:soul_cannon":1,"minecraft:mutton":2,"minecraft:skeleton_skull":3,"minecraft:white_wool":1,"minecraft:cracked_deepslate_tiles":3,"minecraft:salmon":6,"minecraft:leather":6,"uniquedungeons:ceramic_shard":2,"uniquedungeons:dark_antique_gravel":2,"sons_of_sins:hand_of_riot":3,"minecraft:oak_log":34,"minecraft:gunpowder":4,"uniquedungeons:dried_quick_sand":5,"minecraft:smooth_sandstone":1,"minecraft:apple":3,"minecraft:stone_bricks":10,"minecraft:kelp":15,"minecraft:iron_ingot":3,"minecraft:stone_pickaxe":1,"minecraft:gray_bed":2,"minecraft:flowering_azalea":1,"minecraft:iron_sword":1,"minecraft:acacia_sapling":1,"minecraft:book":45,"minecraft:black_candle":7,"minecraft:emerald_block":1,"horror_element_mod:blood_7":6,"minecraft:quartz":6,"minecraft:gravel":2,"uniquedungeons:dark_antique_stone":12,"minecraft:slime_ball":3,"minecraft:stone_axe":3,"minecraft:iron_helmet":2,"new_ores_1_20_1:turmaline_ore":2,"horror_element_mod:broken_light":1,"minecraft:coal":93,"minecraft:hopper":5},"minecraft:killed":{"minecraft:cave_spider":2,"undead_revamp2:thesmoker":1,"undead_revamp2:theswarmer":1,"minecraft:skeleton":31,"minecraft:chicken":8,"minecraft:pig":5,"minecraft:salmon":6,"minecraft:creeper":2,"minecraft:sheep":2,"minecraft:zombie":31,"endofherobrine:pigman":1,"minecraft:cow":5,"undead_revamp2:thehunter":3,"minecraft:phantom":1,"undead_revamp2:sucker":1,"undead_revamp2:the_moonflower":6,"eeeabsmobs:corpse_to_player":2,"undead_revamp2:thesomnolence":3,"endofherobrine:sheep":60,"minecraft:enderman":1},"minecraft:custom":{"minecraft:interact_with_crafting_table":25,"minecraft:open_barrel":38,"minecraft:leave_game":11,"minecraft:time_since_death":302563,"minecraft:damage_resisted":3942,"minecraft:sprint_one_cm":366482,"minecraft:damage_blocked_by_shield":120,"minecraft:drop":98,"minecraft:play_noteblock":4,"minecraft:talked_to_villager":3,"minecraft:play_time":373961,"minecraft:deaths":2,"minecraft:jump":3699,"minecraft:walk_on_water_one_cm":40352,"minecraft:interact_with_furnace":44,"minecraft:interact_with_cartography_table":1,"minecraft:sleep_in_bed":7,"minecraft:damage_dealt":27250,"minecraft:crouch_one_cm":120538,"minecraft:interact_with_smoker":20,"minecraft:inspect_dispenser":1,"minecraft:interact_with_smithing_table":3,"minecraft:interact_with_anvil":1,"minecraft:mob_kills":182,"minecraft:climb_one_cm":6454,"minecraft:walk_one_cm":1532721,"minecraft:sneak_time":41622,"minecraft:walk_under_water_one_cm":27838,"minecraft:total_world_time":373961,"minecraft:interact_with_grindstone":2,"minecraft:time_since_rest":5046,"minecraft:damage_absorbed":8030,"minecraft:damage_taken":9626,"minecraft:swim_one_cm":89773,"minecraft:fly_one_cm":397995,"minecraft:open_chest":202,"minecraft:fall_one_cm":82203}},"DataVersion":3465}