{"stat.flyOneCm":15626,"stat.deaths":1,"stat.walkOneCm":37063,"stat.pickup.minecraft.wheat_seeds":1,"stat.useItem.minecraft.bread":1,"stat.jump":117,"stat.swimOneCm":7269,"stat.playOneMinute":21324,"stat.fallOneCm":1291,"stat.useItem.minecraft.wooden_sword":44,"stat.sneakTime":4750,"stat.damageTaken":330,"stat.damageDealt":734,"stat.crouchOneCm":14359,"stat.pickup.minecraft.bread":16,"stat.killEntity.Zombie":1,"stat.timeSinceDeath":6601,"stat.sprintOneCm":10188,"stat.mobKills":3,"stat.pickup.srparasites.assimilated_flesh":2,"stat.diveOneCm":42672,"stat.entityKilledBy.Creeper":1}