{"stats":{"minecraft:dropped":{"collectorsalbum:uncommon_iron_ingot_card":1,"minecraft:wheat_seeds":2,"minecraft:glass_bottle":2,"minecraft:minecart":2,"collectorsalbum:common_netherite_boots_card":1,"minecraft:iron_helmet":1,"minecraft:cobblestone":1,"minecraft:copper_ingot":1,"magistuarmory:rustedcrusader_boots":1,"collectorsalbum:legendary_sweet_berries_card":1,"minecraft:dirt":7,"minecraft:raw_copper_block":3,"tombstone:magic_scroll":1,"minecraft:torch":1,"minecraft:cornflower":1,"collectorsalbum:rare_heart_of_the_sea_card":1,"minecraft:map":1,"collectorsalbum:uncommon_chicken_card":1,"minecraft:gold_nugget":3,"minecraft:sunflower":3,"collectorsalbum:rare_horse_card":2,"minecraft:sand":9,"collectorsalbum:epic_honeycomb_card":1,"collectorsalbum:rare_cat_card":1,"collectorsalbum:mythical_golden_axe_card":1,"collectorsalbum:epic_stone_hoe_card":1,"minecraft:paper":2,"minecraft:tripwire_hook":3,"minecraft:gray_carpet":4,"minecraft:dandelion":2,"collectorsalbum:uncommon_wooden_pickaxe_card":1,"collectorsalbum:epic_wooden_sword_card":1,"collectorsalbum:epic_beetroot_card":1,"minecraft:sugar_cane":1,"collectorsalbum:mythical_creeper_card":1,"minecraft:mangrove_roots":1,"minecraft:iron_nugget":14,"minecraft:cobbled_deepslate":12,"minecraft:raw_copper":2,"minecraft:rotten_flesh":34,"minecraft:oak_planks":3,"collectorsalbum:mythical_firework_rocket_card":1,"minecraft:azure_bluet":2,"collectorsalbum:rare_creeper_card":1,"collectorsalbum:mythical_diamond_sword_card":1,"collectorsalbum:rare_nautilus_shell_card":1,"minecraft:allium":2,"minecraft:spruce_trapdoor":1,"collectorsalbum:uncommon_magma_cube_card":1,"minecraft:beetroot_seeds":3,"minecraft:chest":1,"minecraft:bamboo":13,"minecraft:bow":2,"terramity:gold_round":38,"terramity:spring":1,"collectorsalbum:album":1,"minecraft:purple_carpet":7},"minecraft:picked_up":{"irons_spellbooks:scroll":1,"minecraft:charcoal":2,"minecraft:coarse_dirt":56,"minecraft:crafting_table":1,"minecraft:allium":5,"minecraft:azure_bluet":2,"minecraft:purple_wool":3,"minecraft:chicken":1,"collectorsalbum:rare_horse_card":2,"collectorsalbum:epic_stone_hoe_card":1,"minecraft:oak_stairs":1,"collectorsalbum:legendary_sweet_berries_card":1,"minecraft:string":13,"collectorsalbum:common_netherite_boots_card":1,"minecraft:soul_soil":1,"minecraft:raw_copper":20,"collectorsalbum:mythical_card_package":1,"minecraft:red_nether_bricks":11,"minecraft:cyan_carpet":4,"minecraft:blackstone":2,"terramity:electronic_scrap":3,"terramity:accursed_soul":9,"minecraft:cracked_stone_bricks":3,"minecraft:candle":17,"minecraft:gold_nugget":3,"minecraft:cobbled_deepslate":12,"minecraft:spruce_planks":4,"minecraft:beef":13,"minecraft:calcite":9,"minecraft:iron_pickaxe":1,"minecraft:minecart":2,"minecraft:lectern":2,"minecraft:sugar_cane":8,"collectorsalbum:uncommon_wooden_pickaxe_card":1,"minecraft:chest":3,"irons_spellbooks:inscription_table":1,"minecraft:spruce_trapdoor":1,"minecraft:raw_copper_block":8,"minecraft:egg":2,"minecraft:stick":4,"minecraft:stripped_mangrove_wood":5,"collectorsalbum:uncommon_chicken_card":1,"minecraft:copper_ingot":1,"minecraft:torch":19,"minecraft:porkchop":1,"minecraft:polished_blackstone_bricks":2,"collectorsalbum:uncommon_card_package":2,"minecraft:cherry_log":2,"tombstone:grave_dust":6,"minecraft:diorite":1,"minecraft:carrot":1,"collectorsalbum:epic_beetroot_card":1,"minecraft:arrow":7,"collectorsalbum:epic_card_package":3,"minecraft:rotten_flesh":33,"minecraft:peony":5,"minecraft:hay_block":10,"minecraft:mangrove_roots":1,"terramity:spiteful_soul":1,"undead_revamp2:arapholia":1,"minecraft:bone_block":1,"minecraft:skeleton_skull":1,"minecraft:white_wool":4,"collectorsalbum:common_card_package":2,"minecraft:cobblestone":43,"collectorsalbum:mythical_golden_axe_card":1,"minecraft:feather":3,"minecraft:cooked_beef":4,"minecraft:leather":6,"collectorsalbum:epic_honeycomb_card":1,"collectorsalbum:epic_emerald_card":1,"minecraft:oak_log":3,"collectorsalbum:album":1,"minecraft:gunpowder":1,"epicpaladins:bloodstone_sword":1,"minecraft:dirt":548,"minecraft:paper":2,"minecraft:lantern":1,"minecraft:white_banner":1,"collectorsalbum:legendary_card_package":1,"minecraft:purple_carpet":9,"minecraft:twisting_vines":2,"minecraft:cooked_mutton":4,"minecraft:bone":20,"minecraft:red_nether_brick_stairs":1,"minecraft:gray_carpet":4,"minecraft:stone_bricks":6,"collectorsalbum:mythical_firework_rocket_card":1,"minecraft:bow":3,"minecraft:wheat_seeds":24,"minecraft:iron_ingot":4,"minecraft:stripped_oak_wood":1,"minecraft:glass_bottle":1,"minecraft:bamboo":10,"minecraft:oak_planks":1,"minecraft:book":9,"collectorsalbum:epic_wooden_sword_card":1,"minecraft:dandelion":2,"collectorsalbum:uncommon_magma_cube_card":1,"minecraft:sand":18,"collectorsalbum:mythical_creeper_card":1,"collectorsalbum:rare_card_package":4,"minecraft:dark_oak_log":3,"minecraft:mossy_cobblestone":2,"travelersbackpack:standard":1,"minecraft:purple_bed":22,"collectorsalbum:rare_heart_of_the_sea_card":1,"minecraft:soul_lantern":1,"minecraft:writable_book":1,"magistuarmory:rustedcrusader_boots":2,"minecraft:emerald":1,"minecraft:red_nether_brick_slab":1,"tombstone:magic_scroll":1,"minecraft:damaged_anvil":1,"collectorsalbum:mythical_diamond_sword_card":1,"terramity:gold_round":34,"minecraft:coal":6,"minecraft:sunflower":3},"minecraft:broken":{"magistuarmory:rustedcrusader_boots":1,"minecraft:iron_shovel":2,"magistuarmory:rustedchainmail_boots":2,"minecraft:stone_sword":2,"magistuarmory:rustedcrusader_chestplate":1,"magistuarmory:rusted_heavymace":1,"minecraft:leather_boots":1,"magistuarmory:rustedbarbute":1,"magistuarmory:rusted_bastardsword":1,"magistuarmory:rustedchainmail_leggings":1},"minecraft:custom":{"minecraft:mob_kills":83,"minecraft:interact_with_crafting_table":25,"minecraft:open_barrel":32,"minecraft:interact_with_campfire":7,"minecraft:bell_ring":1,"minecraft:leave_game":4,"minecraft:time_since_death":56700,"minecraft:climb_one_cm":658,"minecraft:sprint_one_cm":565955,"minecraft:walk_one_cm":740656,"minecraft:damage_blocked_by_shield":55,"minecraft:drop":86,"minecraft:play_noteblock":2,"minecraft:talked_to_villager":12,"minecraft:play_time":321062,"minecraft:sneak_time":27625,"minecraft:deaths":17,"minecraft:walk_under_water_one_cm":1472,"minecraft:jump":3764,"minecraft:interact_with_blast_furnace":4,"minecraft:walk_on_water_one_cm":10267,"minecraft:total_world_time":321062,"minecraft:interact_with_furnace":28,"tombstone:raider_killed":20,"minecraft:traded_with_villager":17,"minecraft:interact_with_cartography_table":2,"minecraft:interact_with_loom":1,"minecraft:interact_with_stonecutter":2,"minecraft:sleep_in_bed":16,"minecraft:time_since_rest":163,"minecraft:waystone_activated":1,"minecraft:damage_taken":10898,"minecraft:damage_dealt":20836,"minecraft:swim_one_cm":7903,"minecraft:fly_one_cm":1142636,"minecraft:open_chest":91,"minecraft:crouch_one_cm":77270,"tombstone:undead_killed":40,"minecraft:fall_one_cm":489491},"minecraft:crafted":{"minecraft:cherry_planks":8,"minecraft:oak_planks":24,"minecraft:pink_dye":10,"irons_spellbooks:fire_ale":1,"minecraft:stone_pickaxe":1,"minecraft:chest":2,"minecraft:dark_oak_planks":56,"minecraft:magenta_dye":3,"minecraft:wheat":90,"collectorsalbum:album":1,"minecraft:emerald":32,"minecraft:crafting_table":4,"minecraft:spruce_planks":12,"minecraft:wooden_pickaxe":1,"minecraft:copper_ingot":12,"terramity:spring":2,"minecraft:bread":56,"minecraft:air":0,"minecraft:paper":6,"minecraft:stick":12,"minecraft:stone_sword":2,"minecraft:iron_shovel":3,"minecraft:torch":24},"minecraft:killed":{"minecraft:vindicator":1,"minecraft:skeleton":11,"minecraft:chicken":1,"alexsmobs:bison":2,"undead_revamp2:sucker":1,"minecraft:husk":15,"minecraft:pig":1,"terramity:elite_skeleton":2,"minecraft:frog":1,"undead_revamp2:thebeartamer":1,"minecraft:pillager":19,"terramity:simple_turret":2,"minecraft:zombie":10,"alexsmobs:crow":1,"minecraft:cow":1},"minecraft:killed_by":{"minecraft:husk":1,"terramity:elite_skeleton":6,"minecraft:creeper":1,"alexsmobs:bison":1,"terramity:simple_turret":2,"minecraft:vindicator":1,"minecraft:skeleton":2,"minecraft:zombie":3},"minecraft:mined":{"undead_revamp2:arapholia":1,"minecraft:spruce_planks":4,"minecraft:mossy_cobblestone":2,"minecraft:candle":7,"minecraft:cherry_log":2,"minecraft:dark_oak_log":3,"minecraft:red_nether_bricks":4,"minecraft:mangrove_roots":1,"minecraft:allium":5,"minecraft:grass_block":357,"minecraft:soul_soil":1,"minecraft:hay_block":12,"minecraft:polished_blackstone_bricks":2,"minecraft:peony":6,"minecraft:bookshelf":3,"minecraft:oak_stairs":1,"minecraft:bamboo":1,"irons_spellbooks:inscription_table":1,"minecraft:stone":29,"minecraft:player_head":1,"minecraft:blackstone":2,"minecraft:twisting_vines_plant":1,"minecraft:crafting_table":1,"minecraft:torch":10,"minecraft:chest":3,"minecraft:campfire":1,"minecraft:lectern":2,"minecraft:tall_grass":25,"minecraft:cobblestone":11,"minecraft:damaged_anvil":1,"minecraft:oak_planks":1,"minecraft:sugar_cane":4,"minecraft:wall_torch":7,"minecraft:deepslate_copper_ore":7,"minecraft:skeleton_skull":1,"minecraft:purple_wool":3,"minecraft:purple_bed":21,"minecraft:coarse_dirt":56,"minecraft:grass":132,"minecraft:coal_ore":6,"minecraft:oak_log":3,"minecraft:cyan_carpet":3,"minecraft:sunflower":2,"minecraft:dirt":178,"minecraft:sand":10,"minecraft:gray_carpet":3,"structure_gel:dynamic_spawner":2,"minecraft:cobweb":12,"minecraft:cracked_stone_bricks":4,"minecraft:raw_copper_block":5,"minecraft:stone_bricks":2,"minecraft:fern":1},"minecraft:used":{"magistuarmory:rusted_heavymace":267,"minecraft:stone_sword":273,"minecraft:iron_shovel":600,"minecraft:bone_block":1,"minecraft:chest":4,"minecraft:spruce_planks":22,"minecraft:torch":45,"minecraft:dirt":511,"minecraft:dark_oak_planks":36,"minecraft:lantern":1,"minecraft:oak_stairs":1,"minecraft:skeleton_skull":1,"minecraft:basalt":1,"minecraft:stone_bricks":6,"minecraft:bow":2,"minecraft:raw_copper_block":4,"tombstone:gift":7,"minecraft:soul_soil":1,"minecraft:sweet_berries":4,"magistuarmory:rusted_bastardsword":241,"minecraft:calcite":9,"minecraft:cooked_mutton":1,"minecraft:diorite":1,"minecraft:baked_potato":47,"minecraft:red_nether_bricks":11,"minecraft:stone_pickaxe":43,"minecraft:oak_planks":17,"minecraft:blackstone":2,"minecraft:wooden_pickaxe":62,"minecraft:sugar_cane":1,"minecraft:stripped_mangrove_wood":5,"minecraft:cracked_stone_bricks":3,"minecraft:mossy_cobblestone":1,"minecraft:crafting_table":5,"minecraft:bread":81,"tombstone:grave_key":10,"minecraft:soul_lantern":1,"minecraft:purple_bed":21,"travelersbackpack:standard":44,"minecraft:cobblestone":19,"minecraft:white_banner":1,"minecraft:stripped_oak_wood":1,"epicpaladins:bloodstone_sword":29,"minecraft:coarse_dirt":49}},"DataVersion":3465}