{"stats":{"minecraft:picked_up":{"minecraft:crafting_table":6,"collectorsalbum:rare_horse_card":2,"collectorsalbum:epic_stone_hoe_card":1,"soulsweapons:moonstone":16,"minecraft:enchanted_book":1,"collectorsalbum:legendary_sweet_berries_card":1,"minecraft:amethyst_block":1,"collectorsalbum:common_netherite_boots_card":1,"minecraft:string":59,"minecraft:raw_copper":247,"collectorsalbum:mythical_card_package":1,"epicpaladins:bloodstone_gem":26,"terramity:accursed_soul":10,"irons_spellbooks:arcane_essence":2,"collectorsalbum:rare_cat_card":1,"minecraft:cobbled_deepslate":169,"collectorsalbum:rare_creeper_card":1,"minecraft:beef":50,"minecraft:iron_nugget":14,"minecraft:sugar_cane":3,"minecraft:iron_pickaxe":1,"alexsmobs:raccoon_tail":1,"collectorsalbum:uncommon_iron_ingot_card":1,"collectorsalbum:uncommon_wooden_pickaxe_card":1,"minecraft:chest":1,"collectorsalbum:rare_nether_star_card":1,"minecraft:furnace":2,"minecraft:egg":1,"minecraft:raw_iron":39,"minecraft:stick":5,"collectorsalbum:uncommon_chicken_card":1,"epicpaladins:arclight_gem":18,"minecraft:torch":22,"collectorsalbum:uncommon_card_package":5,"minecraft:pointed_dripstone":1,"tombstone:grave_dust":4,"minecraft:diorite":1,"minecraft:carrot":1,"minecraft:redstone":137,"minecraft:sniffer_egg":1,"collectorsalbum:epic_beetroot_card":1,"collectorsalbum:rare_dandelion_card":1,"collectorsalbum:epic_card_package":1,"minecraft:stone_sword":1,"minecraft:rotten_flesh":16,"minecraft:arrow":4,"epicpaladins:cryorium_gem":3,"tombstone:essence_of_undeath":1,"minecraft:polished_blackstone":2,"minecraft:obsidian":1,"collectorsalbum:common_card_package":2,"minecraft:rail":2,"minecraft:cobblestone":506,"collectorsalbum:mythical_golden_axe_card":1,"minecraft:feather":1,"minecraft:glow_ink_sac":4,"minecraft:andesite":18,"collectorsalbum:epic_honeycomb_card":1,"minecraft:leather":6,"alexsmobs:bison_fur":5,"minecraft:flint":2,"minecraft:tuff":9,"minecraft:oak_log":13,"minecraft:chainmail_chestplate":1,"minecraft:gunpowder":2,"minecraft:lapis_lazuli":107,"minecraft:dirt":105,"minecraft:blue_bed":2,"minecraft:white_banner":3,"minecraft:name_tag":1,"collectorsalbum:legendary_card_package":1,"terramity:igneostone":2,"minecraft:bone":1,"collectorsalbum:mythical_firework_rocket_card":1,"minecraft:wheat_seeds":5,"minecraft:raw_gold":16,"minecraft:iron_ingot":1,"tombstone:bag_of_seeds":1,"minecraft:bamboo":64,"minecraft:glowstone_dust":3,"minecraft:oak_planks":6,"minecraft:smooth_basalt":1,"minecraft:sweet_berries":2,"terramity:spring":1,"collectorsalbum:epic_wooden_sword_card":1,"alexsmobs:crocodile_egg":1,"minecraft:gravel":38,"minecraft:sand":9,"collectorsalbum:uncommon_magma_cube_card":1,"collectorsalbum:mythical_creeper_card":1,"minecraft:amethyst_shard":10,"minecraft:spruce_sapling":2,"minecraft:white_bed":2,"minecraft:spruce_log":98,"collectorsalbum:rare_card_package":1,"terramity:iridescent_shard":15,"minecraft:spider_eye":2,"travelersbackpack:standard":5,"minecraft:polished_diorite":2,"collectorsalbum:rare_heart_of_the_sea_card":1,"minecraft:diamond":19,"minecraft:stone_axe":3,"waystones:waystone":2,"magistuarmory:corruptedroundshield":1,"minecraft:granite":1,"soulsweapons:verglas":5,"minecraft:emerald":1,"minecraft:bread":6,"tombstone:magic_scroll":1,"collectorsalbum:mythical_diamond_sword_card":1,"minecraft:coal":77},"minecraft:dropped":{"minecraft:iron_ingot":1,"minecraft:bread":7,"minecraft:wheat_seeds":6,"collectorsalbum:uncommon_lantern_card":1,"collectorsalbum:common_netherite_boots_card":1,"minecraft:emerald":1,"minecraft:torch":6,"magistuarmory:rusted_bastardsword":1,"epicpaladins:cryorium_gem":2,"minecraft:sand":9,"minecraft:white_banner":1,"minecraft:iron_pickaxe":1,"collectorsalbum:common_chainmail_leggings_card":1,"minecraft:stone_axe":3,"minecraft:stone_sword":1,"minecraft:tuff":1,"collectorsalbum:rare_firework_rocket_card":1,"magistuarmory:rusted_heavymace":1,"collectorsalbum:common_squid_card":1,"minecraft:torchflower_seeds":3,"collectorsalbum:common_card_package":1,"minecraft:diamond_pickaxe":2,"minecraft:melon_seeds":5,"minecraft:wooden_pickaxe":1,"waystones:waystone":1,"epicpaladins:bloodstone_sword":1},"minecraft:broken":{"minecraft:stone_pickaxe":2,"magistuarmory:rustedbarbute":1},"minecraft:custom":{"minecraft:mob_kills":59,"minecraft:interact_with_crafting_table":40,"minecraft:damage_dealt_resisted":52,"minecraft:time_since_death":13349,"minecraft:sprint_one_cm":257422,"minecraft:walk_one_cm":328868,"minecraft:damage_blocked_by_shield":50,"minecraft:drop":46,"minecraft:deaths":5,"minecraft:play_time":143081,"minecraft:sneak_time":23426,"minecraft:walk_under_water_one_cm":29496,"minecraft:jump":1981,"minecraft:walk_on_water_one_cm":31621,"minecraft:total_world_time":143081,"minecraft:interact_with_furnace":40,"tombstone:raider_killed":3,"minecraft:sleep_in_bed":7,"minecraft:time_since_rest":12163,"minecraft:waystone_activated":1,"minecraft:damage_taken":2819,"minecraft:damage_dealt":10377,"minecraft:swim_one_cm":12836,"minecraft:fly_one_cm":380059,"minecraft:open_chest":92,"minecraft:crouch_one_cm":65047,"tombstone:undead_killed":31,"minecraft:fall_one_cm":210275},"minecraft:crafted":{"epicpaladins:arclight_sword":1,"minecraft:oak_planks":48,"epicpaladins:bloodstone_shovel":1,"minecraft:iron_nugget":54,"minecraft:furnace":2,"epicpaladins:arclight_pickaxe":1,"minecraft:bone_meal":24,"epicpaladins:bloodstone_sword":1,"terramity:copper_round":108,"minecraft:bow":1,"minecraft:iron_boots":1,"minecraft:polished_deepslate":12,"minecraft:iron_axe":1,"minecraft:stone_pickaxe":2,"minecraft:chest":4,"minecraft:cooked_beef":34,"minecraft:crafting_table":3,"minecraft:spruce_planks":64,"minecraft:wooden_pickaxe":1,"minecraft:copper_ingot":126,"epicpaladins:arclight_axe":1,"terramity:flintlock_pistol":1,"minecraft:bucket":1,"terramity:builder_mitts":1,"minecraft:stone_axe":1,"minecraft:air":0,"minecraft:white_wool":3,"minecraft:diamond_pickaxe":2,"minecraft:shield":1,"minecraft:stick":28,"minecraft:iron_ingot":39,"minecraft:iron_pickaxe":2,"minecraft:gold_ingot":15,"minecraft:stone_sword":1,"minecraft:iron_shovel":1,"minecraft:iron_leggings":1,"minecraft:white_bed":1,"minecraft:torch":24},"minecraft:killed_by":{"alexsmobs:bison":1,"alexsmobs:crocodile":2},"minecraft:killed":{"minecraft:cave_spider":1,"irons_spellbooks:summoned_zombie":4,"undead_revamp2:thegliter":1,"alexsmobs:raccoon":1,"minecraft:spider":2,"alexsmobs:tasmanian_devil":1,"minecraft:skeleton":7,"alexsmobs:bison":4,"irons_spellbooks:summoned_skeleton":1,"undead_revamp2:the_moonflower":1,"minecraft:creeper":1,"minecraft:pillager":3,"undead_revamp2:thesomnolence":2,"minecraft:goat":1,"alexsmobs:crocodile":1,"minecraft:zombie":17,"alexsmobs:crow":1,"minecraft:cow":7},"minecraft:mined":{"minecraft:large_amethyst_bud":1,"minecraft:tuff":9,"minecraft:white_bed":2,"minecraft:deepslate_diamond_ore":18,"epicpaladins:cryorium_ore":2,"minecraft:obsidian":1,"minecraft:granite":1,"minecraft:budding_amethyst":3,"minecraft:grass_block":39,"minecraft:polished_diorite":2,"minecraft:spawner":2,"epicpaladins:deepslate_arclight_ore":17,"minecraft:large_fern":1,"minecraft:glowstone":1,"minecraft:furnace":2,"minecraft:cobbled_deepslate":5,"minecraft:iron_ore":27,"minecraft:andesite":18,"minecraft:deepslate_lapis_ore":8,"minecraft:pointed_dripstone":1,"minecraft:vine":1,"soulsweapons:moonstone_ore_deepslate":15,"minecraft:deepslate_iron_ore":12,"minecraft:rail":1,"minecraft:bamboo":10,"minecraft:stone":489,"minecraft:white_banner":1,"minecraft:podzol":8,"minecraft:deepslate_redstone_ore":21,"epicpaladins:deepslate_bloodstone_ore":26,"soulsweapons:verglas_ore_deepslate":3,"minecraft:medium_amethyst_bud":2,"minecraft:amethyst_cluster":3,"minecraft:powder_snow":5,"travelersbackpack:standard":5,"minecraft:crafting_table":6,"minecraft:torch":10,"minecraft:chest":1,"minecraft:tall_grass":5,"minecraft:copper_ore":37,"minecraft:cobblestone":17,"minecraft:deepslate_gold_ore":16,"minecraft:lapis_ore":2,"minecraft:sugar_cane":2,"minecraft:oak_planks":2,"minecraft:diorite":1,"minecraft:blue_bed":2,"minecraft:wall_torch":8,"minecraft:sniffer_egg":1,"minecraft:amethyst_block":1,"terramity:igneostone":2,"epicpaladins:deepslate_cryorium_ore":1,"minecraft:sweet_berry_bush":4,"minecraft:spruce_log":98,"minecraft:grass":15,"minecraft:oak_log":13,"minecraft:coal_ore":50,"minecraft:gravel":40,"minecraft:dirt":58,"terramity:deepslate_iridescent_ore":6,"minecraft:cobweb":33,"minecraft:smooth_basalt":1,"minecraft:polished_blackstone":2,"minecraft:deepslate":120,"minecraft:fern":1,"soulsweapons:verglas_ore":1},"minecraft:used":{"minecraft:stone_sword":16,"minecraft:polished_deepslate":12,"magistuarmory:rustedcrusader_chestplate":2,"minecraft:chest":5,"minecraft:shield":1,"minecraft:torch":37,"minecraft:dirt":13,"minecraft:chainmail_chestplate":2,"minecraft:tuff":8,"minecraft:granite":1,"epicpaladins:arclight_sword":176,"minecraft:iron_helmet":1,"minecraft:iron_boots":1,"epicpaladins:bloodstone_shovel":144,"minecraft:bamboo":64,"minecraft:smooth_basalt":1,"minecraft:bow":1,"minecraft:furnace":4,"magistuarmory:rusted_bastardsword":10,"tombstone:gift":5,"minecraft:egg":1,"minecraft:cooked_beef":3,"minecraft:cobbled_deepslate":73,"minecraft:iron_leggings":1,"minecraft:water_bucket":30,"minecraft:diorite":1,"minecraft:amethyst_block":1,"minecraft:stone_pickaxe":262,"minecraft:oak_planks":8,"minecraft:baked_potato":8,"minecraft:wooden_pickaxe":5,"minecraft:sniffer_egg":2,"minecraft:sugar_cane":3,"minecraft:blue_bed":1,"minecraft:rail":2,"minecraft:crafting_table":9,"minecraft:white_bed":3,"epicpaladins:arclight_axe":114,"minecraft:spruce_log":27,"tombstone:bag_of_seeds":1,"waystones:waystone":1,"minecraft:diamond_pickaxe":38,"epicpaladins:arclight_pickaxe":639,"alexsmobs:crocodile_egg":1,"minecraft:bread":20,"minecraft:iron_pickaxe":10,"tombstone:grave_key":5,"minecraft:gravel":21,"minecraft:spruce_sapling":4,"minecraft:stone_axe":7,"travelersbackpack:standard":1,"minecraft:cobblestone":233,"terramity:igneostone":1,"minecraft:white_banner":1,"minecraft:andesite":18,"minecraft:bucket":31,"minecraft:bone_meal":24}},"DataVersion":3465}