{"stats":{"minecraft:dropped":{"collectorsalbum:rare_dandelion_card":2,"minecraft:diamond":1,"collectorsalbum:common_netherite_boots_card":2,"collectorsalbum:uncommon_diamond_helmet_card":1,"collectorsalbum:common_wither_skeleton_card":1,"collectorsalbum:uncommon_spyglass_card":1,"minecraft:red_mushroom":13,"minecraft:emerald":1,"magistuarmory:rusted_bastardsword":1,"collectorsalbum:common_iron_shovel_card":1,"collectorsalbum:common_wither_card":1,"collectorsalbum:uncommon_chicken_card":1,"minecraft:gold_nugget":1,"collectorsalbum:rare_horse_card":1,"minecraft:sand":9,"minecraft:iron_pickaxe":2,"collectorsalbum:uncommon_netherite_helmet_card":1,"twilightforest:decorative_mazestone":36,"collectorsalbum:epic_diamond_chestplate_card":1,"minecraft:stone_axe":3,"collectorsalbum:common_gold_ingot_card":1,"minecraft:wheat":1,"minecraft:rotten_flesh":2,"minecraft:oak_planks":5,"collectorsalbum:rare_nether_star_card":1,"collectorsalbum:common_ghast_card":1,"collectorsalbum:uncommon_wither_skeleton_card":1,"collectorsalbum:uncommon_diamond_sword_card":1,"collectorsalbum:common_red_tulip_card":1,"collectorsalbum:common_bat_card":1,"twilightforest:mazestone":3,"collectorsalbum:uncommon_lapis_lazuli_card":2,"collectorsalbum:uncommon_bell_card":1,"collectorsalbum:rare_diamond_axe_card":2,"collectorsalbum:common_azure_bluet_card":1,"collectorsalbum:common_allium_card":1,"collectorsalbum:common_golden_axe_card":1,"collectorsalbum:uncommon_golden_apple_card":3,"collectorsalbum:common_bee_card":1,"collectorsalbum:common_panda_card":1,"epicpaladins:bloodstone_sword":1,"twilightforest:magic_map":1,"collectorsalbum:common_oak_sapling_card":1,"minecraft:iron_ingot":1,"minecraft:wheat_seeds":16,"collectorsalbum:common_villager_card":1,"collectorsalbum:uncommon_lantern_card":2,"collectorsalbum:rare_netherite_sword_card":1,"collectorsalbum:epic_sugar_cane_card":1,"minecraft:oak_fence":13,"minecraft:iron_helmet":1,"terramity:cardboard_necklace":1,"collectorsalbum:rare_beacon_card":1,"minecraft:mushroom_stew":1,"collectorsalbum:rare_iron_horse_armor_card":2,"twilightforest:gold_minotaur_axe":2,"collectorsalbum:uncommon_stone_hoe_card":1,"collectorsalbum:common_spyglass_card":2,"collectorsalbum:uncommon_diamond_hoe_card":1,"minecraft:oak_stairs":2,"minecraft:white_banner":1,"twilightforest:cicada":1,"collectorsalbum:common_chainmail_leggings_card":1,"minecraft:lily_pad":4,"collectorsalbum:uncommon_wooden_pickaxe_card":1,"collectorsalbum:uncommon_netherite_axe_card":1,"minecraft:stone_sword":1,"minecraft:bowl":1,"collectorsalbum:uncommon_bee_card":1,"collectorsalbum:common_diamond_helmet_card":1,"collectorsalbum:rare_firework_rocket_card":1,"collectorsalbum:common_golden_hoe_card":1,"magistuarmory:rusted_heavymace":1,"collectorsalbum:common_squid_card":1,"minecraft:torchflower_seeds":3,"collectorsalbum:common_card_package":1,"collectorsalbum:uncommon_brewing_stand_card":1,"collectorsalbum:epic_golden_pickaxe_card":1,"collectorsalbum:uncommon_stone_sword_card":2,"minecraft:diamond_pickaxe":2,"minecraft:blue_orchid":1,"waystones:waystone":1,"collectorsalbum:rare_golden_axe_card":1,"collectorsalbum:uncommon_campfire_card":1,"collectorsalbum:uncommon_beetroot_card":1,"minecraft:brown_mushroom":7,"twilightforest:mazestone_brick":12,"collectorsalbum:common_golden_shovel_card":2,"collectorsalbum:rare_leather_boots_card":1,"collectorsalbum:rare_spruce_sapling_card":1,"minecraft:leather":1,"collectorsalbum:common_iron_hoe_card":1,"twilightforest:naga_scale":8,"collectorsalbum:common_emerald_card":1,"collectorsalbum:uncommon_cat_card":1,"collectorsalbum:common_leather_helmet_card":1,"minecraft:cornflower":4,"collectorsalbum:epic_diamond_card":1,"collectorsalbum:common_blaze_powder_card":2,"collectorsalbum:rare_heart_of_the_sea_card":2,"collectorsalbum:common_wolf_card":1,"collectorsalbum:legendary_apple_card":1,"collectorsalbum:rare_cat_card":1,"twilightforest:cracked_mazestone":5,"collectorsalbum:rare_redstone_card":1,"collectorsalbum:common_iron_pickaxe_card":1,"collectorsalbum:common_kelp_card":1,"collectorsalbum:common_polar_bear_card":1,"collectorsalbum:rare_creeper_card":1,"collectorsalbum:rare_bell_card":1,"twilightforest:cut_mazestone":11,"minecraft:melon_seeds":5,"collectorsalbum:common_blue_orchid_card":2,"collectorsalbum:common_golden_helmet_card":1,"minecraft:iron_bars":21,"collectorsalbum:common_campfire_card":1,"minecraft:written_book":3,"collectorsalbum:album":1,"minecraft:bread":7,"collectorsalbum:common_nether_star_card":1,"twilightforest:mazestone_mosaic":51,"collectorsalbum:common_poppy_card":1,"collectorsalbum:common_golden_leggings_card":2,"collectorsalbum:uncommon_iron_pickaxe_card":2,"collectorsalbum:common_dandelion_card":2,"collectorsalbum:mythical_blaze_powder_card":1,"collectorsalbum:uncommon_chainmail_boots_card":1,"collectorsalbum:uncommon_glow_berries_card":1,"collectorsalbum:epic_azure_bluet_card":1,"collectorsalbum:legendary_red_mushroom_card":1,"collectorsalbum:common_sugar_cane_card":1,"minecraft:torch":6,"collectorsalbum:uncommon_golden_axe_card":2,"epicpaladins:cryorium_gem":2,"minecraft:tripwire_hook":5,"collectorsalbum:common_chainmail_chestplate_card":1,"minecraft:dandelion":12,"collectorsalbum:epic_stone_sword_card":1,"collectorsalbum:common_dark_oak_sapling_card":1,"minecraft:tuff":1,"collectorsalbum:rare_wheat_card":1,"collectorsalbum:rare_diamond_helmet_card":1,"collectorsalbum:rare_blaze_card":1,"collectorsalbum:legendary_firework_rocket_card":1,"collectorsalbum:legendary_cow_card":1,"twilightforest:huge_lily_pad":3,"collectorsalbum:common_oxeye_daisy_card":1,"collectorsalbum:common_melon_slice_card":1,"collectorsalbum:rare_nautilus_shell_card":1,"collectorsalbum:common_jungle_sapling_card":1,"collectorsalbum:uncommon_magma_cube_card":1,"collectorsalbum:common_golden_chestplate_card":1,"collectorsalbum:common_heart_of_the_sea_card":1,"collectorsalbum:epic_spyglass_card":1,"collectorsalbum:legendary_birch_sapling_card":1,"minecraft:wooden_pickaxe":1,"twilightforest:twilight_oak_log":1,"twilightforest:mossy_mazestone":3},"minecraft:killed":{"minecraft:cave_spider":14,"twilightforest:maze_slime":13,"twilightforest:lich_minion":3,"minecraft:skeleton":16,"twilightforest:lich":1,"twilightforest:pinch_beetle":4,"minecraft:chicken":2,"irons_spellbooks:archevoker":1,"twilightforest:minoshroom":1,"minecraft:pillager":7,"minecraft:goat":1,"minecraft:zombie":29,"minecraft:cow":8,"twilightforest:squirrel":1,"twilightforest:winter_wolf":3,"twilightforest:deer":1,"alexsmobs:raccoon":1,"twilightforest:mosquito_swarm":1,"minecraft:vindicator":1,"twilightforest:loyal_zombie":1,"twilightforest:death_tome":3,"twilightforest:tiny_bird":3,"undead_revamp2:the_moonflower":2,"twilightforest:kobold":6,"undead_revamp2:thesomnolence":2,"alexsmobs:crocodile":1,"minecraft:enderman":1,"minecraft:spider":2,"irons_spellbooks:summoned_skeleton":1,"twilightforest:minotaur":22,"twilightforest:slime_beetle":4,"twilightforest:raven":3,"minecraft:creeper":4,"twilightforest:skeleton_druid":4,"minecraft:sheep":1,"twilightforest:redcap":4,"irons_spellbooks:summoned_zombie":4,"undead_revamp2:thegliter":1,"alexsmobs:tasmanian_devil":1,"twilightforest:fire_beetle":1,"twilightforest:swarm_spider":3,"twilightforest:hedge_spider":3,"alexsmobs:bison":4,"undead_revamp2:thehorrors":1,"alexsmobs:crow":1,"twilightforest:yeti":1},"minecraft:picked_up":{"minecraft:smithing_table":1,"twilightforest:naga_trophy":2,"minecraft:oak_stairs":13,"collectorsalbum:rare_leather_boots_card":1,"minecraft:enchanted_book":3,"minecraft:brewing_stand":1,"minecraft:amethyst_block":1,"collectorsalbum:rare_redstone_card":1,"minecraft:polished_deepslate":2,"collectorsalbum:legendary_cow_card":1,"twilightforest:cut_mazestone":17,"minecraft:string":124,"twilightforest:steeleaf_ingot":3,"minecraft:gold_nugget":2,"minecraft:cobbled_deepslate":169,"minecraft:written_book":3,"collectorsalbum:uncommon_iron_ingot_card":1,"collectorsalbum:common_poppy_card":1,"collectorsalbum:common_spyglass_card":1,"collectorsalbum:common_diamond_helmet_card":1,"minecraft:golden_axe":1,"collectorsalbum:uncommon_card_package":8,"collectorsalbum:rare_beacon_card":1,"collectorsalbum:common_villager_card":1,"minecraft:stone_sword":1,"minecraft:blaze_rod":1,"minecraft:iron_bars":116,"collectorsalbum:common_emerald_card":1,"collectorsalbum:mythical_golden_axe_card":1,"minecraft:magma_block":1,"minecraft:feather":2,"collectorsalbum:legendary_red_mushroom_card":1,"alexsmobs:bison_fur":5,"minecraft:flint":2,"collectorsalbum:legendary_card_package":2,"minecraft:purple_carpet":7,"collectorsalbum:common_leather_helmet_card":1,"twilightforest:mangrove_chest":1,"collectorsalbum:uncommon_netherite_axe_card":1,"minecraft:glowstone_dust":8,"collectorsalbum:uncommon_chainmail_boots_card":1,"collectorsalbum:common_oxeye_daisy_card":1,"twilightforest:mazestone_brick":27,"terramity:spring":1,"tombstone:scroll_of_feather_fall":1,"alexsmobs:crocodile_egg":1,"twilightforest:canopy_log":1,"minecraft:barrel":1,"minecraft:bundle":1,"minecraft:polished_andesite":1,"twilightforest:charm_of_keeping_1":1,"minecraft:writable_book":1,"minecraft:granite":1,"minecraft:bread":6,"collectorsalbum:rare_nautilus_shell_card":1,"collectorsalbum:rare_spruce_sapling_card":1,"minecraft:crafting_table":6,"collectorsalbum:uncommon_spyglass_card":1,"twilightforest:cooked_meef":3,"collectorsalbum:uncommon_netherite_pickaxe_card":1,"collectorsalbum:common_bee_card":1,"collectorsalbum:uncommon_golden_horse_armor_card":1,"collectorsalbum:legendary_sweet_berries_card":1,"collectorsalbum:rare_bell_card":1,"minecraft:cornflower":10,"minecraft:cracked_stone_bricks":1,"collectorsalbum:uncommon_lapis_lazuli_card":2,"minecraft:beef":52,"minecraft:iron_nugget":14,"minecraft:poppy":2,"minecraft:chest":4,"collectorsalbum:legendary_golden_chestplate_card":1,"minecraft:egg":1,"collectorsalbum:uncommon_bee_card":1,"collectorsalbum:common_golden_leggings_card":2,"twilightforest:red_thread":3,"collectorsalbum:common_panda_card":1,"minecraft:carrot":1,"minecraft:redstone":137,"twilightforest:firefly":2,"minecraft:tnt":18,"collectorsalbum:common_dark_oak_sapling_card":1,"irons_spellbooks:evocation_rune":1,"twilightforest:mazestone":11,"twilightforest:cicada":4,"collectorsalbum:epic_stone_sword_card":1,"collectorsalbum:epic_golden_apple_card":1,"tombstone:essence_of_undeath":1,"twilightforest:magic_map_focus":1,"minecraft:polished_blackstone":2,"minecraft:mutton":2,"minecraft:rail":2,"minecraft:white_wool":1,"collectorsalbum:common_card_package":8,"minecraft:oxeye_daisy":1,"minecraft:tripwire_hook":11,"minecraft:red_mushroom":29,"minecraft:oak_log":14,"minecraft:lily_pad":14,"collectorsalbum:album":1,"minecraft:blue_bed":3,"minecraft:paper":28,"minecraft:white_banner":4,"twilightforest:cracked_nagastone_stairs_left":3,"terramity:igneostone":2,"twilightforest:liveroot":20,"twilightforest:raw_venison":1,"collectorsalbum:rare_diamond_axe_card":2,"collectorsalbum:mythical_firework_rocket_card":1,"minecraft:apple":1,"minecraft:stone_bricks":7,"tombstone:bag_of_seeds":1,"twilightforest:cracked_nagastone_stairs_right":1,"collectorsalbum:common_kelp_card":1,"collectorsalbum:common_iron_pickaxe_card":1,"twilightforest:cracked_mazestone":12,"minecraft:smooth_basalt":1,"minecraft:milk_bucket":2,"minecraft:sweet_berries":2,"minecraft:gravel":38,"minecraft:spruce_sapling":2,"collectorsalbum:mythical_spyglass_card":1,"minecraft:spruce_log":98,"collectorsalbum:rare_card_package":2,"collectorsalbum:common_blaze_powder_card":2,"minecraft:leather_helmet":1,"travelersbackpack:standard":9,"minecraft:stone_axe":3,"minecraft:slime_ball":17,"collectorsalbum:rare_heart_of_the_sea_card":2,"minecraft:polished_diorite":2,"twilightforest:raven_feather":2,"minecraft:painting":16,"collectorsalbum:rare_iron_horse_armor_card":2,"collectorsalbum:mythical_diamond_sword_card":1,"collectorsalbum:common_oak_sapling_card":1,"twilightforest:cicada_jar":2,"irons_spellbooks:scroll":1,"minecraft:wheat":6,"collectorsalbum:common_campfire_card":1,"collectorsalbum:rare_horse_card":2,"collectorsalbum:epic_stone_hoe_card":1,"soulsweapons:moonstone":16,"collectorsalbum:common_wither_skeleton_card":1,"collectorsalbum:uncommon_brewing_stand_card":1,"minecraft:lapis_block":1,"collectorsalbum:common_netherite_boots_card":1,"minecraft:raw_copper":263,"collectorsalbum:epic_spruce_sapling_card":1,"minecraft:armor_stand":2,"collectorsalbum:epic_golden_pickaxe_card":1,"minecraft:iron_leggings":1,"collectorsalbum:uncommon_wither_skeleton_card":1,"epicpaladins:bloodstone_gem":26,"irons_spellbooks:arcane_essence":6,"collectorsalbum:common_azure_bluet_card":1,"collectorsalbum:rare_cat_card":1,"collectorsalbum:rare_creeper_card":1,"twilightforest:gold_minotaur_axe":2,"alexsmobs:raccoon_tail":1,"collectorsalbum:common_sugar_cane_card":1,"minecraft:iron_pickaxe":3,"irons_spellbooks:inscription_table":1,"twilightforest:firefly_jar":2,"minecraft:furnace":2,"minecraft:stick":58,"epicpaladins:arclight_gem":18,"minecraft:oak_fence":29,"minecraft:torch":160,"minecraft:pointed_dripstone":1,"tombstone:grave_dust":4,"minecraft:diorite":1,"minecraft:sniffer_egg":1,"collectorsalbum:epic_card_package":6,"epicpaladins:cryorium_gem":3,"minecraft:rotten_flesh":35,"collectorsalbum:rare_dandelion_card":3,"collectorsalbum:common_allium_card":1,"minecraft:obsidian":10,"minecraft:cobblestone":811,"twilightforest:twilight_oak_log":28,"minecraft:andesite":18,"twilightforest:twilight_oak_wood":2,"collectorsalbum:epic_honeycomb_card":1,"collectorsalbum:common_iron_shovel_card":1,"minecraft:tuff":9,"twilightforest:mossy_mazestone":6,"twilightforest:huge_lily_pad":3,"minecraft:dirt":132,"collectorsalbum:uncommon_lantern_card":1,"minecraft:lapis_lazuli":113,"minecraft:name_tag":1,"collectorsalbum:uncommon_cat_card":1,"minecraft:bone":9,"minecraft:orange_tulip":1,"minecraft:wheat_seeds":15,"minecraft:raw_gold":16,"minecraft:grindstone":1,"minecraft:bamboo":64,"twilightforest:decorative_mazestone":70,"collectorsalbum:rare_wheat_card":1,"minecraft:oak_planks":25,"collectorsalbum:common_golden_shovel_card":3,"collectorsalbum:mythical_creeper_card":1,"collectorsalbum:uncommon_magma_cube_card":1,"collectorsalbum:mythical_blaze_powder_card":1,"collectorsalbum:common_golden_helmet_card":1,"minecraft:sand":9,"twilightforest:mossy_etched_nagastone":1,"twilightforest:twilight_oak_sapling":13,"minecraft:diamond":19,"waystones:waystone":2,"magistuarmory:corruptedroundshield":1,"minecraft:bone_meal":69,"soulsweapons:verglas":5,"minecraft:emerald":2,"twilightforest:arctic_fur":6,"twilightforest:torchberries":4,"minecraft:allium":4,"minecraft:azure_bluet":4,"minecraft:chicken":2,"minecraft:brown_mushroom":18,"twilightforest:birch_banister":11,"collectorsalbum:common_blaze_card":1,"collectorsalbum:uncommon_glow_berries_card":1,"collectorsalbum:mythical_card_package":3,"minecraft:blue_orchid":3,"collectorsalbum:uncommon_diamond_hoe_card":1,"terramity:accursed_soul":62,"twilightforest:nagastone_head":1,"minecraft:oak_boat":1,"irons_spellbooks:epic_ink":1,"collectorsalbum:uncommon_wooden_pickaxe_card":1,"minecraft:sugar_cane":96,"collectorsalbum:rare_nether_star_card":2,"minecraft:raw_iron":69,"collectorsalbum:uncommon_chicken_card":2,"minecraft:bowl":1,"collectorsalbum:uncommon_bell_card":1,"collectorsalbum:legendary_apple_card":1,"collectorsalbum:uncommon_golden_apple_card":2,"collectorsalbum:common_polar_bear_card":1,"collectorsalbum:legendary_diamond_helmet_card":1,"twilightforest:raw_meef":19,"collectorsalbum:epic_beetroot_card":1,"minecraft:arrow":21,"twilightforest:etched_nagastone":1,"twilightforest:mazestone_mosaic":72,"minecraft:pink_tulip":1,"collectorsalbum:common_wolf_card":1,"collectorsalbum:rare_blaze_card":1,"minecraft:glow_ink_sac":4,"minecraft:leather":8,"collectorsalbum:common_dandelion_card":1,"collectorsalbum:common_wither_card":1,"minecraft:birch_planks":4,"twilightforest:maze_wafer":4,"minecraft:chainmail_chestplate":1,"minecraft:gunpowder":6,"collectorsalbum:common_blue_orchid_card":2,"irons_spellbooks:rare_ink":1,"collectorsalbum:common_bat_card":1,"collectorsalbum:uncommon_netherite_helmet_card":1,"collectorsalbum:epic_azure_bluet_card":1,"collectorsalbum:uncommon_iron_pickaxe_card":2,"minecraft:iron_ingot":4,"collectorsalbum:common_red_tulip_card":1,"collectorsalbum:common_golden_chestplate_card":1,"minecraft:book":44,"collectorsalbum:epic_wooden_sword_card":1,"minecraft:dandelion":23,"collectorsalbum:common_gold_ingot_card":1,"minecraft:amethyst_shard":10,"minecraft:white_bed":2,"minecraft:mossy_stone_brick_slab":1,"terramity:iridescent_shard":15,"minecraft:spider_eye":10,"collectorsalbum:uncommon_stone_sword_card":2,"twilightforest:maze_map_focus":2,"tombstone:magic_scroll":1,"minecraft:coal":97},"minecraft:killed_by":{"twilightforest:lich_minion":1,"twilightforest:death_tome":1,"twilightforest:minotaur":2,"minecraft:vindicator":1,"minecraft:zombie":1,"alexsmobs:bison":1,"twilightforest:slime_beetle":1,"minecraft:creeper":1,"alexsmobs:crocodile":2,"minecraft:skeleton":4,"twilightforest:redcap":1},"minecraft:used":{"irons_spellbooks:inscription_table":1,"minecraft:chest":8,"twilightforest:cicada_jar":1,"twilightforest:mazestone_mosaic":18,"minecraft:allium":4,"minecraft:azure_bluet":4,"twilightforest:etched_nagastone":1,"epicpaladins:arclight_sword":794,"minecraft:spruce_boat":1,"twilightforest:twilight_oak_planks":32,"epicpaladins:bloodstone_shovel":166,"minecraft:bow":37,"minecraft:furnace":4,"magistuarmory:rusted_bastardsword":10,"minecraft:egg":1,"minecraft:potato":1,"minecraft:diorite":1,"minecraft:orange_tulip":1,"minecraft:wooden_pickaxe":5,"minecraft:golden_apple":2,"twilightforest:cracked_nagastone_stairs_left":3,"irons_spellbooks:wandering_magician_leggings":2,"twilightforest:maze_wafer":37,"twilightforest:twilight_oak_log":2,"minecraft:oak_boat":1,"minecraft:enchanting_table":1,"minecraft:iron_bars":50,"minecraft:stone_sword":16,"magistuarmory:rustedcrusader_chestplate":2,"minecraft:armor_stand":2,"minecraft:torch":126,"minecraft:chainmail_chestplate":2,"twilightforest:mossy_etched_nagastone":1,"twilightforest:cracked_mazestone":3,"twilightforest:mazestone":1,"minecraft:smooth_basalt":1,"minecraft:bamboo":64,"minecraft:tripwire_hook":4,"twilightforest:mossy_mazestone":3,"tombstone:gift":7,"minecraft:cobbled_deepslate":73,"minecraft:water_bucket":129,"twilightforest:cooked_meef":3,"minecraft:birch_planks":4,"minecraft:cracked_stone_bricks":1,"twilightforest:twilight_oak_sapling":8,"minecraft:rail":2,"minecraft:tnt":24,"minecraft:crafting_table":10,"minecraft:white_bed":3,"minecraft:spruce_log":27,"minecraft:diamond_pickaxe":38,"epicpaladins:arclight_pickaxe":1072,"minecraft:cornflower":6,"minecraft:oxeye_daisy":1,"minecraft:iron_pickaxe":11,"alexsmobs:crocodile_egg":1,"twilightforest:nagastone_head":1,"minecraft:spruce_sapling":4,"minecraft:cobblestone":475,"terramity:igneostone":1,"travelersbackpack:standard":33,"twilightforest:decorative_mazestone":4,"minecraft:dandelion":11,"twilightforest:cicada":1,"twilightforest:cut_mazestone":9,"minecraft:polished_deepslate":14,"minecraft:shield":1,"minecraft:mossy_stone_brick_slab":1,"minecraft:iron_chestplate":1,"minecraft:carrot":1,"twilightforest:hollow_oak_sapling":1,"minecraft:tuff":8,"minecraft:blue_orchid":2,"minecraft:iron_helmet":1,"minecraft:stone_bricks":7,"minecraft:written_book":1,"twilightforest:naga_trophy":2,"twilightforest:birch_banister":11,"minecraft:stone_pickaxe":262,"minecraft:oak_planks":10,"minecraft:ender_pearl":1,"minecraft:blue_bed":3,"minecraft:sugar_cane":3,"minecraft:mushroom_stew":1,"epicpaladins:arclight_axe":282,"waystones:waystone":1,"twilightforest:diamond_minotaur_axe":9,"minecraft:string":1,"minecraft:bread":20,"tombstone:grave_key":14,"minecraft:gravel":21,"minecraft:andesite":18,"minecraft:bone_meal":54,"minecraft:oak_fence":10,"minecraft:flint_and_steel":57,"minecraft:dirt":28,"twilightforest:red_thread":3,"minecraft:granite":1,"minecraft:bookshelf":13,"minecraft:oak_stairs":3,"minecraft:iron_boots":1,"twilightforest:cracked_nagastone_stairs_right":1,"minecraft:cooked_beef":34,"minecraft:iron_leggings":1,"minecraft:amethyst_block":1,"minecraft:pink_tulip":1,"twilightforest:mazestone_brick":9,"minecraft:polished_andesite":1,"minecraft:baked_potato":50,"minecraft:brown_mushroom":4,"minecraft:sniffer_egg":2,"minecraft:red_mushroom":9,"tombstone:bag_of_seeds":1,"minecraft:stone_axe":7,"twilightforest:twilight_oak_wood":1,"minecraft:white_banner":1,"minecraft:bucket":130,"twilightforest:gold_minotaur_axe":2},"minecraft:mined":{"minecraft:white_bed":2,"epicpaladins:cryorium_ore":2,"minecraft:obsidian":10,"minecraft:granite":1,"minecraft:oxeye_daisy":1,"minecraft:spawner":19,"minecraft:cobbled_deepslate":5,"minecraft:fire":16,"minecraft:barrel":1,"twilightforest:twilight_oak_wood":2,"minecraft:deepslate_lapis_ore":8,"minecraft:oak_stairs":14,"twilightforest:red_thread":3,"minecraft:pink_tulip":1,"minecraft:blue_orchid":3,"minecraft:white_banner":2,"minecraft:tripwire":9,"minecraft:brown_mushroom":1,"soulsweapons:verglas_ore_deepslate":3,"minecraft:amethyst_cluster":3,"minecraft:powder_snow":5,"twilightforest:liveroot_block":21,"minecraft:torch":42,"minecraft:dead_bush":1,"minecraft:glass":4,"minecraft:sugar_cane":41,"minecraft:amethyst_block":1,"twilightforest:cicada":3,"minecraft:grass":77,"minecraft:smooth_basalt":1,"minecraft:red_mushroom_block":6,"twilightforest:canopy_log":1,"minecraft:deepslate":120,"twilightforest:firefly":2,"minecraft:allium":4,"minecraft:red_mushroom":1,"epicpaladins:deepslate_arclight_ore":17,"minecraft:andesite":18,"twilightforest:twilight_oak_leaves":266,"minecraft:vine":1,"minecraft:rail":1,"minecraft:bamboo":10,"irons_spellbooks:inscription_table":1,"minecraft:smithing_table":1,"minecraft:hanging_roots":1,"minecraft:dandelion":21,"minecraft:cornflower":10,"minecraft:tall_grass":8,"minecraft:copper_ore":37,"minecraft:deepslate_gold_ore":16,"minecraft:diorite":1,"terramity:igneostone":2,"minecraft:spruce_log":98,"minecraft:gravel":40,"minecraft:cobweb":35,"minecraft:polished_blackstone":2,"minecraft:stone_bricks":7,"minecraft:fern":1,"minecraft:large_amethyst_bud":1,"minecraft:brewing_stand":1,"minecraft:budding_amethyst":3,"minecraft:grass_block":56,"minecraft:polished_diorite":2,"minecraft:glowstone":1,"minecraft:iron_ore":58,"minecraft:azure_bluet":4,"minecraft:pointed_dripstone":1,"twilightforest:naga_wall_trophy":1,"minecraft:iron_bars":120,"twilightforest:fiddlehead":2,"minecraft:spruce_slab":4,"minecraft:deepslate_redstone_ore":21,"minecraft:medium_amethyst_bud":2,"minecraft:poppy":2,"minecraft:chest":2,"twilightforest:twilight_oak_log":20,"minecraft:mushroom_stem":1,"minecraft:cobblestone":48,"minecraft:grindstone":1,"minecraft:oak_planks":27,"twilightforest:mangrove_chest":1,"minecraft:wall_torch":107,"minecraft:sniffer_egg":1,"minecraft:lapis_block":1,"epicpaladins:deepslate_cryorium_ore":1,"minecraft:tnt":27,"twilightforest:root":13,"minecraft:orange_tulip":1,"minecraft:oak_log":14,"minecraft:dirt":68,"minecraft:tripwire_hook":10,"soulsweapons:verglas_ore":1,"minecraft:tuff":9,"minecraft:deepslate_diamond_ore":18,"twilightforest:birch_banister":11,"minecraft:brown_mushroom_block":10,"twilightforest:nagastone_head":1,"minecraft:large_fern":1,"minecraft:furnace":2,"twilightforest:naga_trophy":1,"minecraft:polished_deepslate":2,"soulsweapons:moonstone_ore_deepslate":15,"minecraft:bookshelf":14,"twilightforest:firefly_jar":2,"minecraft:deepslate_iron_ore":12,"minecraft:stone":680,"minecraft:podzol":8,"epicpaladins:deepslate_bloodstone_ore":26,"travelersbackpack:standard":9,"minecraft:oak_fence":12,"minecraft:crafting_table":6,"minecraft:lapis_ore":3,"minecraft:blue_bed":3,"minecraft:birch_planks":3,"minecraft:sweet_berry_bush":4,"twilightforest:huge_lily_pad":1,"twilightforest:cicada_jar":1,"minecraft:coal_ore":54,"terramity:deepslate_iridescent_ore":6,"minecraft:cracked_stone_bricks":1},"minecraft:crafted":{"epicpaladins:arclight_sword":1,"twilightforest:steeleaf_boots":1,"twilightforest:charm_of_keeping_2":1,"minecraft:bookshelf":13,"terramity:copper_round":108,"minecraft:copper_ingot":126,"terramity:builder_mitts":1,"minecraft:iron_pickaxe":2,"minecraft:gold_ingot":15,"minecraft:iron_nugget":54,"irons_spellbooks:wandering_magician_leggings":1,"minecraft:bone_meal":33,"twilightforest:twilight_oak_planks":32,"minecraft:stone_pickaxe":2,"twilightforest:canopy_planks":4,"minecraft:spruce_boat":1,"minecraft:purple_carpet":6,"terramity:cardboard_necklace":2,"minecraft:wheat":27,"collectorsalbum:album":1,"minecraft:enchanting_table":1,"epicpaladins:arclight_axe":1,"minecraft:iron_shovel":1,"minecraft:iron_leggings":3,"minecraft:white_bed":1,"twilightforest:ironwood_helmet":1,"irons_spellbooks:wandering_magician_helmet":1,"minecraft:oak_planks":52,"minecraft:stone":3,"epicpaladins:arclight_pickaxe":1,"minecraft:bow":1,"minecraft:iron_boots":3,"terramity:cardboard_block":2,"minecraft:chest":6,"twilightforest:magic_map_focus":2,"twilightforest:ironwood_boots":1,"minecraft:crafting_table":4,"minecraft:spruce_planks":176,"minecraft:wooden_pickaxe":1,"minecraft:iron_helmet":1,"minecraft:iron_chestplate":1,"minecraft:paper":18,"minecraft:diamond_pickaxe":2,"minecraft:purple_dye":4,"minecraft:shield":1,"minecraft:stick":28,"minecraft:iron_ingot":86,"minecraft:stone_sword":1,"minecraft:purple_wool":4,"epicpaladins:bloodstone_shovel":1,"minecraft:leather_boots":1,"minecraft:furnace":2,"epicpaladins:bloodstone_sword":1,"minecraft:flint_and_steel":1,"minecraft:polished_deepslate":12,"minecraft:iron_axe":1,"minecraft:cooked_beef":34,"minecraft:red_dye":2,"terramity:cardboard":32,"terramity:flintlock_pistol":1,"minecraft:bucket":1,"minecraft:stone_axe":1,"minecraft:bread":17,"minecraft:air":0,"minecraft:blue_dye":2,"minecraft:white_wool":3,"irons_spellbooks:wandering_magician_chestplate":1,"irons_spellbooks:wandering_magician_boots":1,"minecraft:torch":56,"twilightforest:magic_map":2,"minecraft:diamond_chestplate":1},"minecraft:broken":{"minecraft:iron_boots":1,"twilightforest:steeleaf_boots":1,"twilightforest:steeleaf_leggings":1,"magistuarmory:rustedbarbute":1,"minecraft:stone_pickaxe":2},"minecraft:custom":{"minecraft:interact_with_crafting_table":49,"minecraft:open_barrel":12,"minecraft:leave_game":1,"minecraft:time_since_death":32589,"minecraft:damage_blocked_by_shield":50,"minecraft:play_time":407933,"minecraft:deaths":26,"minecraft:jump":5711,"tombstone:kill_undead_boss":1,"minecraft:interact_with_furnace":52,"minecraft:sleep_in_bed":14,"minecraft:waystone_activated":3,"minecraft:damage_dealt":38464,"tombstone:undead_killed":63,"twilightforest:keeping_charms_activated":2,"minecraft:sneak_time":39749,"minecraft:interact_with_lectern":2,"minecraft:total_world_time":407933,"tombstone:raider_killed":8,"minecraft:time_since_rest":32499,"minecraft:swim_one_cm":26097,"minecraft:fly_one_cm":3724611,"minecraft:open_chest":276,"minecraft:fall_one_cm":966588,"minecraft:sprint_one_cm":1205539,"minecraft:drop":238,"minecraft:talked_to_villager":1,"minecraft:walk_on_water_one_cm":157074,"minecraft:crouch_one_cm":107302,"minecraft:mob_kills":215,"minecraft:damage_dealt_resisted":52,"minecraft:climb_one_cm":4077,"minecraft:walk_one_cm":875638,"minecraft:walk_under_water_one_cm":57007,"minecraft:boat_one_cm":125519,"minecraft:damage_taken":14566,"minecraft:damage_absorbed":79,"minecraft:trigger_trapped_chest":7}},"DataVersion":3465}