{"stats":{"minecraft:dropped":{"collectorsalbum:rare_dandelion_card":1,"collectorsalbum:uncommon_beetroot_card":1,"minecraft:diamond":1,"collectorsalbum:common_netherite_boots_card":2,"collectorsalbum:common_iron_hoe_card":1,"twilightforest:naga_scale":8,"collectorsalbum:uncommon_cat_card":1,"minecraft:emerald":1,"magistuarmory:rusted_bastardsword":1,"collectorsalbum:rare_horse_card":1,"minecraft:sand":9,"minecraft:iron_pickaxe":2,"minecraft:stone_axe":3,"minecraft:wheat":1,"collectorsalbum:uncommon_diamond_sword_card":1,"collectorsalbum:rare_creeper_card":1,"minecraft:melon_seeds":5,"collectorsalbum:common_golden_axe_card":1,"collectorsalbum:common_panda_card":1,"epicpaladins:bloodstone_sword":1,"minecraft:iron_ingot":1,"minecraft:bread":7,"minecraft:wheat_seeds":9,"collectorsalbum:uncommon_lantern_card":1,"collectorsalbum:common_nether_star_card":1,"collectorsalbum:epic_sugar_cane_card":1,"terramity:cardboard_necklace":1,"minecraft:torch":6,"collectorsalbum:uncommon_golden_axe_card":2,"epicpaladins:cryorium_gem":2,"minecraft:white_banner":1,"collectorsalbum:common_chainmail_leggings_card":1,"minecraft:lily_pad":4,"minecraft:dandelion":4,"collectorsalbum:uncommon_wooden_pickaxe_card":1,"minecraft:stone_sword":1,"minecraft:tuff":1,"collectorsalbum:rare_firework_rocket_card":1,"magistuarmory:rusted_heavymace":1,"collectorsalbum:common_squid_card":1,"minecraft:torchflower_seeds":3,"collectorsalbum:common_melon_slice_card":1,"collectorsalbum:common_card_package":1,"collectorsalbum:uncommon_magma_cube_card":1,"minecraft:diamond_pickaxe":2,"collectorsalbum:common_heart_of_the_sea_card":1,"collectorsalbum:legendary_birch_sapling_card":1,"minecraft:wooden_pickaxe":1,"waystones:waystone":1,"collectorsalbum:rare_golden_axe_card":1,"twilightforest:twilight_oak_log":1},"minecraft:picked_up":{"irons_spellbooks:scroll":1,"minecraft:wheat":4,"minecraft:smithing_table":1,"collectorsalbum:rare_horse_card":2,"collectorsalbum:epic_stone_hoe_card":1,"soulsweapons:moonstone":16,"minecraft:enchanted_book":1,"minecraft:brewing_stand":1,"minecraft:amethyst_block":1,"minecraft:polished_deepslate":2,"minecraft:string":102,"collectorsalbum:common_netherite_boots_card":1,"minecraft:raw_copper":263,"minecraft:iron_leggings":1,"minecraft:armor_stand":2,"epicpaladins:bloodstone_gem":26,"minecraft:gold_nugget":1,"irons_spellbooks:arcane_essence":6,"collectorsalbum:rare_cat_card":1,"minecraft:cobbled_deepslate":169,"collectorsalbum:rare_creeper_card":1,"minecraft:iron_pickaxe":3,"alexsmobs:raccoon_tail":1,"collectorsalbum:uncommon_iron_ingot_card":1,"irons_spellbooks:inscription_table":1,"minecraft:furnace":2,"minecraft:stick":18,"epicpaladins:arclight_gem":18,"minecraft:torch":39,"collectorsalbum:uncommon_card_package":5,"tombstone:grave_dust":4,"minecraft:pointed_dripstone":1,"minecraft:diorite":1,"minecraft:sniffer_egg":1,"minecraft:stone_sword":1,"collectorsalbum:epic_card_package":4,"epicpaladins:cryorium_gem":3,"minecraft:rotten_flesh":22,"collectorsalbum:rare_dandelion_card":2,"minecraft:obsidian":9,"minecraft:cobblestone":733,"collectorsalbum:mythical_golden_axe_card":1,"minecraft:magma_block":1,"minecraft:feather":2,"twilightforest:twilight_oak_log":4,"minecraft:andesite":18,"twilightforest:twilight_oak_wood":1,"collectorsalbum:epic_honeycomb_card":1,"alexsmobs:bison_fur":5,"minecraft:flint":2,"minecraft:tuff":9,"minecraft:lapis_lazuli":113,"minecraft:dirt":131,"minecraft:name_tag":1,"collectorsalbum:legendary_card_package":1,"minecraft:purple_carpet":7,"collectorsalbum:uncommon_cat_card":1,"minecraft:bone":4,"minecraft:wheat_seeds":8,"minecraft:raw_gold":16,"minecraft:grindstone":1,"minecraft:glowstone_dust":8,"minecraft:bamboo":64,"minecraft:oak_planks":9,"terramity:spring":1,"alexsmobs:crocodile_egg":1,"collectorsalbum:uncommon_magma_cube_card":1,"minecraft:sand":9,"collectorsalbum:mythical_creeper_card":1,"twilightforest:canopy_log":1,"minecraft:barrel":1,"minecraft:bundle":1,"twilightforest:mossy_etched_nagastone":1,"minecraft:polished_andesite":1,"minecraft:diamond":19,"waystones:waystone":2,"magistuarmory:corruptedroundshield":1,"minecraft:granite":1,"soulsweapons:verglas":5,"minecraft:bread":6,"minecraft:emerald":2,"twilightforest:torchberries":4,"minecraft:crafting_table":6,"minecraft:azure_bluet":4,"minecraft:chicken":2,"minecraft:brown_mushroom":1,"collectorsalbum:legendary_sweet_berries_card":1,"minecraft:cornflower":4,"collectorsalbum:mythical_card_package":1,"terramity:accursed_soul":39,"twilightforest:nagastone_head":1,"minecraft:beef":52,"irons_spellbooks:epic_ink":1,"minecraft:iron_nugget":14,"minecraft:poppy":2,"collectorsalbum:uncommon_wooden_pickaxe_card":1,"minecraft:sugar_cane":31,"minecraft:chest":2,"collectorsalbum:rare_nether_star_card":1,"minecraft:egg":1,"minecraft:raw_iron":69,"collectorsalbum:uncommon_chicken_card":1,"collectorsalbum:common_panda_card":1,"minecraft:carrot":1,"minecraft:redstone":137,"twilightforest:firefly":1,"collectorsalbum:epic_beetroot_card":1,"irons_spellbooks:evocation_rune":1,"minecraft:arrow":5,"twilightforest:etched_nagastone":1,"tombstone:essence_of_undeath":1,"minecraft:polished_blackstone":2,"minecraft:mutton":2,"minecraft:rail":2,"collectorsalbum:common_card_package":4,"minecraft:white_wool":1,"minecraft:glow_ink_sac":4,"minecraft:leather":6,"minecraft:oak_log":14,"minecraft:chainmail_chestplate":1,"minecraft:lily_pad":12,"minecraft:gunpowder":3,"minecraft:blue_bed":3,"minecraft:white_banner":4,"irons_spellbooks:rare_ink":1,"twilightforest:cracked_nagastone_stairs_left":3,"twilightforest:liveroot":1,"terramity:igneostone":2,"minecraft:apple":1,"collectorsalbum:mythical_firework_rocket_card":1,"minecraft:iron_ingot":1,"tombstone:bag_of_seeds":1,"twilightforest:cracked_nagastone_stairs_right":1,"minecraft:book":42,"minecraft:smooth_basalt":1,"minecraft:sweet_berries":2,"collectorsalbum:epic_wooden_sword_card":1,"minecraft:dandelion":15,"minecraft:gravel":38,"minecraft:amethyst_shard":10,"minecraft:spruce_sapling":2,"minecraft:spruce_log":98,"minecraft:white_bed":2,"collectorsalbum:rare_card_package":1,"minecraft:mossy_stone_brick_slab":1,"terramity:iridescent_shard":15,"minecraft:spider_eye":5,"minecraft:leather_helmet":1,"travelersbackpack:standard":7,"collectorsalbum:rare_heart_of_the_sea_card":1,"minecraft:stone_axe":3,"minecraft:polished_diorite":2,"tombstone:magic_scroll":1,"collectorsalbum:mythical_diamond_sword_card":1,"minecraft:coal":83},"minecraft:broken":{"minecraft:stone_pickaxe":2,"magistuarmory:rustedbarbute":1},"minecraft:custom":{"minecraft:interact_with_crafting_table":46,"minecraft:open_barrel":12,"minecraft:time_since_death":11995,"minecraft:sprint_one_cm":452237,"minecraft:damage_blocked_by_shield":50,"minecraft:drop":77,"minecraft:talked_to_villager":1,"minecraft:play_time":233081,"minecraft:deaths":8,"minecraft:jump":3126,"minecraft:walk_on_water_one_cm":51467,"minecraft:interact_with_furnace":46,"minecraft:sleep_in_bed":13,"minecraft:waystone_activated":2,"minecraft:damage_dealt":17569,"minecraft:crouch_one_cm":81709,"tombstone:undead_killed":43,"minecraft:mob_kills":96,"minecraft:damage_dealt_resisted":52,"minecraft:climb_one_cm":2636,"minecraft:walk_one_cm":523828,"minecraft:sneak_time":29899,"minecraft:walk_under_water_one_cm":33723,"minecraft:boat_one_cm":97099,"minecraft:interact_with_lectern":2,"minecraft:total_world_time":233081,"tombstone:raider_killed":8,"minecraft:time_since_rest":11758,"minecraft:damage_taken":5742,"minecraft:trigger_trapped_chest":2,"minecraft:swim_one_cm":17993,"minecraft:fly_one_cm":1490048,"minecraft:open_chest":178,"minecraft:fall_one_cm":464230},"minecraft:crafted":{"epicpaladins:arclight_sword":1,"irons_spellbooks:wandering_magician_helmet":1,"minecraft:oak_planks":52,"epicpaladins:arclight_pickaxe":1,"minecraft:bookshelf":13,"terramity:copper_round":108,"minecraft:bow":1,"minecraft:iron_boots":1,"terramity:cardboard_block":2,"minecraft:chest":6,"minecraft:crafting_table":4,"minecraft:spruce_planks":176,"minecraft:wooden_pickaxe":1,"minecraft:copper_ingot":126,"terramity:builder_mitts":1,"minecraft:iron_chestplate":1,"minecraft:purple_dye":4,"minecraft:shield":1,"minecraft:diamond_pickaxe":2,"minecraft:stick":28,"minecraft:iron_ingot":39,"minecraft:iron_pickaxe":2,"minecraft:stone_sword":1,"minecraft:gold_ingot":15,"minecraft:purple_wool":4,"epicpaladins:bloodstone_shovel":1,"minecraft:leather_boots":1,"minecraft:iron_nugget":54,"irons_spellbooks:wandering_magician_leggings":1,"minecraft:furnace":2,"minecraft:bone_meal":24,"epicpaladins:bloodstone_sword":1,"minecraft:flint_and_steel":1,"minecraft:polished_deepslate":12,"twilightforest:twilight_oak_planks":8,"minecraft:iron_axe":1,"minecraft:stone_pickaxe":2,"twilightforest:canopy_planks":4,"minecraft:spruce_boat":1,"minecraft:purple_carpet":6,"terramity:cardboard_necklace":2,"minecraft:wheat":27,"minecraft:cooked_beef":34,"minecraft:red_dye":2,"collectorsalbum:album":1,"terramity:cardboard":32,"minecraft:enchanting_table":1,"epicpaladins:arclight_axe":1,"minecraft:bucket":1,"terramity:flintlock_pistol":1,"minecraft:stone_axe":1,"minecraft:bread":17,"minecraft:air":0,"minecraft:blue_dye":2,"minecraft:white_wool":3,"irons_spellbooks:wandering_magician_chestplate":1,"minecraft:iron_shovel":1,"minecraft:iron_leggings":1,"minecraft:white_bed":1,"irons_spellbooks:wandering_magician_boots":1,"minecraft:torch":24},"minecraft:killed_by":{"minecraft:vindicator":1,"alexsmobs:crocodile":2,"minecraft:zombie":1,"alexsmobs:bison":1,"twilightforest:redcap":1},"minecraft:killed":{"minecraft:cave_spider":2,"minecraft:spider":2,"minecraft:skeleton":8,"minecraft:chicken":1,"irons_spellbooks:archevoker":1,"irons_spellbooks:summoned_skeleton":1,"minecraft:creeper":2,"twilightforest:skeleton_druid":4,"minecraft:sheep":1,"twilightforest:redcap":4,"minecraft:pillager":7,"minecraft:goat":1,"minecraft:zombie":23,"minecraft:cow":8,"irons_spellbooks:summoned_zombie":4,"undead_revamp2:thegliter":1,"alexsmobs:raccoon":1,"minecraft:vindicator":1,"alexsmobs:tasmanian_devil":1,"twilightforest:swarm_spider":3,"twilightforest:hedge_spider":3,"twilightforest:tiny_bird":1,"alexsmobs:bison":4,"undead_revamp2:thehorrors":1,"undead_revamp2:the_moonflower":1,"twilightforest:kobold":3,"undead_revamp2:thesomnolence":2,"alexsmobs:crocodile":1,"alexsmobs:crow":1},"minecraft:mined":{"minecraft:large_amethyst_bud":1,"minecraft:white_bed":2,"epicpaladins:cryorium_ore":2,"minecraft:brewing_stand":1,"minecraft:obsidian":9,"minecraft:granite":1,"minecraft:budding_amethyst":3,"minecraft:grass_block":55,"minecraft:polished_diorite":2,"minecraft:spawner":11,"minecraft:glowstone":1,"minecraft:iron_ore":58,"minecraft:cobbled_deepslate":5,"minecraft:fire":9,"minecraft:barrel":1,"twilightforest:twilight_oak_wood":1,"minecraft:deepslate_lapis_ore":8,"minecraft:azure_bluet":4,"minecraft:pointed_dripstone":1,"minecraft:white_banner":2,"minecraft:spruce_slab":4,"minecraft:deepslate_redstone_ore":21,"soulsweapons:verglas_ore_deepslate":3,"minecraft:medium_amethyst_bud":2,"minecraft:amethyst_cluster":3,"minecraft:powder_snow":5,"twilightforest:liveroot_block":1,"minecraft:torch":23,"minecraft:poppy":2,"minecraft:chest":2,"twilightforest:twilight_oak_log":2,"minecraft:cobblestone":44,"minecraft:oak_planks":5,"minecraft:grindstone":1,"minecraft:sugar_cane":16,"minecraft:wall_torch":11,"minecraft:sniffer_egg":1,"minecraft:amethyst_block":1,"epicpaladins:deepslate_cryorium_ore":1,"twilightforest:root":3,"minecraft:grass":39,"minecraft:oak_log":14,"minecraft:dirt":68,"minecraft:smooth_basalt":1,"twilightforest:canopy_log":1,"minecraft:deepslate":120,"soulsweapons:verglas_ore":1,"twilightforest:firefly":1,"minecraft:tuff":9,"minecraft:deepslate_diamond_ore":18,"twilightforest:nagastone_head":1,"epicpaladins:deepslate_arclight_ore":17,"minecraft:large_fern":1,"minecraft:furnace":2,"minecraft:andesite":18,"minecraft:polished_deepslate":2,"soulsweapons:moonstone_ore_deepslate":15,"minecraft:bookshelf":14,"minecraft:deepslate_iron_ore":12,"minecraft:vine":1,"minecraft:rail":1,"minecraft:bamboo":10,"irons_spellbooks:inscription_table":1,"minecraft:stone":680,"minecraft:podzol":8,"minecraft:smithing_table":1,"epicpaladins:deepslate_bloodstone_ore":26,"minecraft:dandelion":14,"travelersbackpack:standard":7,"minecraft:crafting_table":6,"minecraft:cornflower":4,"minecraft:copper_ore":37,"minecraft:tall_grass":7,"minecraft:lapis_ore":3,"minecraft:deepslate_gold_ore":16,"minecraft:diorite":1,"minecraft:blue_bed":3,"terramity:igneostone":2,"minecraft:sweet_berry_bush":4,"minecraft:spruce_log":98,"minecraft:coal_ore":54,"minecraft:gravel":40,"terramity:deepslate_iridescent_ore":6,"minecraft:cobweb":35,"minecraft:polished_blackstone":2,"minecraft:fern":1},"minecraft:used":{"irons_spellbooks:inscription_table":1,"minecraft:polished_deepslate":14,"minecraft:chest":8,"minecraft:shield":1,"minecraft:mossy_stone_brick_slab":1,"minecraft:iron_chestplate":1,"minecraft:carrot":1,"minecraft:tuff":8,"twilightforest:etched_nagastone":1,"minecraft:azure_bluet":4,"epicpaladins:arclight_sword":288,"minecraft:spruce_boat":1,"twilightforest:twilight_oak_planks":4,"minecraft:iron_helmet":1,"epicpaladins:bloodstone_shovel":166,"minecraft:bow":20,"minecraft:furnace":4,"magistuarmory:rusted_bastardsword":10,"minecraft:egg":1,"minecraft:potato":1,"minecraft:diorite":1,"minecraft:stone_pickaxe":262,"minecraft:oak_planks":8,"minecraft:wooden_pickaxe":5,"minecraft:blue_bed":3,"minecraft:sugar_cane":3,"twilightforest:cracked_nagastone_stairs_left":3,"epicpaladins:arclight_axe":149,"irons_spellbooks:wandering_magician_leggings":2,"waystones:waystone":1,"minecraft:bread":20,"tombstone:grave_key":8,"minecraft:gravel":21,"minecraft:andesite":18,"minecraft:oak_boat":1,"minecraft:bone_meal":24,"minecraft:enchanting_table":1,"minecraft:stone_sword":16,"magistuarmory:rustedcrusader_chestplate":2,"minecraft:flint_and_steel":33,"minecraft:armor_stand":2,"minecraft:torch":66,"minecraft:dirt":27,"minecraft:chainmail_chestplate":2,"twilightforest:mossy_etched_nagastone":1,"minecraft:granite":1,"minecraft:bookshelf":13,"minecraft:iron_boots":1,"twilightforest:cracked_nagastone_stairs_right":1,"minecraft:smooth_basalt":1,"minecraft:bamboo":64,"tombstone:gift":5,"minecraft:cooked_beef":29,"minecraft:cobbled_deepslate":73,"minecraft:iron_leggings":1,"minecraft:water_bucket":64,"minecraft:amethyst_block":1,"minecraft:polished_andesite":1,"minecraft:baked_potato":8,"minecraft:sniffer_egg":2,"minecraft:rail":2,"minecraft:crafting_table":10,"minecraft:white_bed":3,"minecraft:spruce_log":27,"tombstone:bag_of_seeds":1,"epicpaladins:arclight_pickaxe":917,"minecraft:diamond_pickaxe":38,"minecraft:cornflower":4,"minecraft:iron_pickaxe":11,"alexsmobs:crocodile_egg":1,"twilightforest:nagastone_head":1,"minecraft:spruce_sapling":4,"minecraft:stone_axe":7,"minecraft:cobblestone":350,"terramity:igneostone":1,"travelersbackpack:standard":2,"minecraft:white_banner":1,"minecraft:bucket":65,"minecraft:dandelion":11}},"DataVersion":3465}