{"stats":{"minecraft:crafted":{"minecraft:oak_planks":12,"man:cassetteplayer":1,"minecraft:crafting_table":1,"minecraft:wooden_pickaxe":1,"minecraft:chiseled_polished_blackstone":2,"minecraft:birch_planks":12,"minecraft:stick":4,"minecraft:spruce_button":1,"minecraft:furnace":1,"minecraft:stone_pickaxe":1,"minecraft:dark_oak_planks":12,"new_ores_1_20_1:sapphire_pickaxe":1,"minecraft:wheat":117,"new_ores_1_20_1:sapphire":4},"minecraft:used":{"minecraft:moss_block":1,"man:ritualblockoff":1,"minecraft:moss_carpet":4,"minecraft:writable_book":4,"minecraft:polished_deepslate":94,"minecraft:black_carpet":4,"minecraft:chest":2,"minecraft:shield":1,"minecraft:zombie_spawn_egg":162,"minecraft:bell":1,"minecraft:carrot":2,"minecraft:obsidian":9,"minecraft:honey_bottle":2,"horror_element_mod:crucified_body":1,"minecraft:birch_sapling":1,"horror_element_mod:villager_head":1,"minecraft:grass_block":2,"minecraft:quartz_block":5,"minecraft:stone_bricks":14,"new_ores_1_20_1:sapphire_sword":912,"minecraft:furnace":3,"minecraft:gray_bed":5,"horror_element_mod:colonial_marine_body":9,"horror_element_mod:atmosphere_block":1,"minecraft:egg":2,"minecraft:potato":2,"horror_element_mod:blood_1":2,"minecraft:stone_pickaxe":16,"minecraft:oak_planks":11,"horror_element_mod:impaled_head":2,"travelersbackpack:dragon":5,"minecraft:golden_apple":1,"man:manfromthefog_spawn_egg":1,"endofherobrine:zombie_spawn_egg":1,"minecraft:black_bed":1,"horror_element_mod:blood_2":5,"minecraft:lightning_rod":5,"man:cassetteplayer":3,"the_knocker:knocker_spawn_egg":3,"minecraft:lever":3,"minecraft:crying_obsidian":8,"minecraft:melon_slice":35,"minecraft:bread":2,"minecraft:string":1,"minecraft:spore_blossom":2,"minecraft:iron_door":4,"minecraft:diamond_sword":493,"minecraft:fire_charge":2,"minecraft:wooden_sword":6,"sons_of_sins:prowler_spawn_egg":3,"minecraft:smooth_stone_slab":8,"minecraft:golden_pickaxe":53,"minecraft:enchanting_table":1,"minecraft:dead_tube_coral_block":1,"minecraft:flint_and_steel":16,"minecraft:spruce_planks":11,"minecraft:netherrack":5,"minecraft:oak_door":1,"minecraft:torch":136,"sons_of_sins:betrayed_guzzler_spawn_egg":2,"minecraft:dirt":376,"new_ores_1_20_1:sapphire_pickaxe":3855,"minecraft:dark_oak_planks":1,"minecraft:iron_axe":4,"minecraft:spruce_button":1,"dungeons_plus:soul_cannon":34,"new_ores_1_20_1:onyx_sword":281,"minecraft:gray_glazed_terracotta":2,"undead_revamp2:arapholia":2,"minecraft:stone_pressure_plate":8,"minecraft:cobbled_deepslate":157,"minecraft:observer":2,"minecraft:enchanted_golden_apple":96,"minecraft:golden_axe":8,"minecraft:wheat_seeds":11,"minecraft:amethyst_block":5,"whispering_spirits:whispering_spirit_spawn_egg":24,"minecraft:tube_coral_block":1,"minecraft:birch_planks":12,"sons_of_sins:blud_spawn_egg":1,"minecraft:cracked_stone_bricks":1,"minecraft:crafting_table":1,"minecraft:red_bed":2,"minecraft:white_bed":1,"minecraft:oak_log":4,"minecraft:flower_pot":1,"minecraft:apple":5,"new_ores_1_20_1:sapphire_axe":34,"minecraft:map":3,"new_ores_1_20_1:steel_ore":3,"minecraft:potion":3,"minecraft:cobblestone":35,"travelersbackpack:standard":4,"minecraft:porkchop":3,"minecraft:black_candle":4,"minecraft:splash_potion":2,"minecraft:candle":4,"minecraft:sculk_catalyst":1,"minecraft:soul_torch":1},"minecraft:mined":{"undead_revamp2:arapholia":2,"minecraft:dark_oak_planks":15,"minecraft:spruce_planks":11,"minecraft:stone_pressure_plate":4,"minecraft:sculk_vein":5,"new_ores_1_20_1:deepslate_bronze_ore":15,"minecraft:brewing_stand":1,"man:cassetteplayer":2,"minecraft:granite":4,"minecraft:grass_block":44,"horror_element_mod:bloody_tombstone":2,"minecraft:coal_block":1,"minecraft:soul_soil":36,"minecraft:deepslate_tile_stairs":2,"minecraft:oxeye_daisy":2,"minecraft:chiseled_stone_bricks":1,"minecraft:spawner":4,"minecraft:light_blue_stained_glass":3,"minecraft:potted_warped_fungus":1,"horror_element_mod:rotten_body":1,"minecraft:tall_seagrass":1,"minecraft:magma_block":3,"minecraft:sculk_catalyst":1,"horror_element_mod:villager_head":1,"minecraft:sticky_piston":1,"minecraft:iron_ore":4,"minecraft:cobbled_deepslate":10,"minecraft:fire":7,"uniquedungeons:dark_antique_stone_slab":3,"minecraft:moss_carpet":5,"minecraft:black_carpet":6,"minecraft:enchanting_table":1,"horror_element_mod:severed_hand":1,"minecraft:sculk_shrieker":3,"minecraft:pointed_dripstone":6,"minecraft:iron_bars":1,"minecraft:black_candle":2,"minecraft:green_carpet":2,"minecraft:deepslate_redstone_ore":11,"uniquedungeons:dark_antique_stone_stairs":5,"horror_element_mod:dead_experiment":5,"minecraft:brown_mushroom":2,"minecraft:quartz_block":4,"minecraft:red_bed":3,"horror_element_mod:beheaded_body":2,"minecraft:reinforced_deepslate":1,"minecraft:powder_snow":15,"new_ores_1_20_1:steel_ore":11,"minecraft:note_block":6,"new_ores_1_20_1:moonstone_block":3,"minecraft:torch":41,"minecraft:calcite":8,"minecraft:melon":7,"uniquedungeons:chiseled_dark_antique_stone":1,"minecraft:glass":20,"minecraft:cobblestone":12,"minecraft:oak_planks":2,"new_ores_1_20_1:topaz_ore":5,"minecraft:iron_door":2,"minecraft:wall_torch":37,"minecraft:amethyst_block":15,"minecraft:skeleton_skull":1,"minecraft:chain":6,"horror_element_mod:phished_head":1,"minecraft:tinted_glass":1,"minecraft:birch_log":9,"horror_element_mod:spiked_villager":1,"minecraft:wheat":14,"minecraft:wither_rose":2,"minecraft:smooth_stone_slab":11,"minecraft:grass":35,"minecraft:oak_log":6,"horror_element_mod:dead_cow":2,"horror_element_mod:blood_1":3,"minecraft:sand":1,"minecraft:dirt":68,"horror_element_mod:blood_9":2,"minecraft:smooth_basalt":6,"minecraft:red_mushroom_block":7,"horror_element_mod:colonial_marine_body":11,"minecraft:netherrack":6,"new_ores_1_20_1:silver_ore":2,"minecraft:oak_leaves":16,"minecraft:deepslate":2517,"uniquedungeons:urn":5,"minecraft:tuff":163,"horror_element_mod:blood_3":1,"minecraft:mossy_cobblestone":2,"minecraft:deepslate_diamond_ore":1,"minecraft:candle":2,"minecraft:dark_oak_log":4,"minecraft:mangrove_roots":1,"minecraft:gray_glazed_terracotta":3,"gravestone:gravestone":3,"minecraft:glow_lichen":19,"minecraft:lever":2,"uniquedungeons:dark_antique_stone":47,"horror_element_mod:blood_8":1,"horror_element_mod:blood_2":7,"minecraft:potted_bamboo":1,"minecraft:moss_block":5,"minecraft:sandstone":42,"horror_element_mod:atmosphere_block":1,"minecraft:large_fern":3,"minecraft:hay_block":13,"minecraft:spore_blossom":1,"minecraft:redstone_ore":1,"minecraft:furnace":2,"minecraft:andesite":9,"horror_element_mod:scientist_body":5,"minecraft:gold_block":1,"minecraft:bell":1,"minecraft:polished_deepslate":54,"minecraft:deepslate_iron_ore":2,"minecraft:vine":3,"horror_element_mod:blood_7":6,"minecraft:stone":715,"new_ores_1_20_1:turmaline_ore":8,"minecraft:podzol":4,"minecraft:acacia_leaves":2,"minecraft:hanging_roots":10,"minecraft:soul_torch":1,"new_ores_1_20_1:moonstone_ore":5,"minecraft:observer":1,"minecraft:smooth_sandstone":1,"minecraft:crafting_table":1,"uniquedungeons:dried_quick_sand":2,"minecraft:spruce_button":1,"horror_element_mod:hanging_corpse_1":1,"minecraft:rose_bush":1,"minecraft:sculk_sensor":2,"minecraft:lightning_rod":24,"minecraft:copper_ore":15,"minecraft:tall_grass":25,"new_ores_1_20_1:sapphire_ore":6,"minecraft:cracked_deepslate_bricks":5,"minecraft:sculk":3,"horror_element_mod:trapped_leg":1,"minecraft:diorite":6,"horror_element_mod:impaled_head":1,"minecraft:spruce_stairs":1,"minecraft:coarse_dirt":3,"new_ores_1_20_1:sunstone_ore":6,"new_ores_1_20_1:sunstone_block":2,"minecraft:sea_pickle":1,"minecraft:redstone_torch":1,"minecraft:gray_bed":5,"minecraft:birch_leaves":6,"minecraft:bee_nest":2,"minecraft:coal_ore":23,"minecraft:mycelium":1,"horror_element_mod:hospital_bed":1,"minecraft:gravel":19,"minecraft:dripstone_block":4,"minecraft:cobweb":12,"minecraft:cracked_stone_bricks":1,"minecraft:polished_andesite":1,"minecraft:stone_bricks":9,"minecraft:small_dripleaf":1,"minecraft:iron_trapdoor":4},"minecraft:broken":{"new_ores_1_20_1:onyx_armor_boots":1,"minecraft:iron_boots":1,"new_ores_1_20_1:onyx_armor_leggings":1,"new_ores_1_20_1:onyx_armor_helmet":1,"minecraft:iron_helmet":1,"minecraft:golden_pickaxe":1,"new_ores_1_20_1:sapphire_pickaxe":2,"new_ores_1_20_1:onyx_armor_chestplate":1},"minecraft:dropped":{"minecraft:brown_mushroom":10,"minecraft:porkchop":3,"minecraft:oak_log":1,"minecraft:glass_bottle":3,"minecraft:diamond":2,"minecraft:crossbow":1,"minecraft:dark_oak_sapling":4,"uniquedungeons:dark_antique_stone_stairs":2,"new_ores_1_20_1:ruby_pickaxe":2,"minecraft:cracked_stone_bricks":1,"travelersbackpack:standard":2,"uniquedungeons:dark_antique_stone_slab":5,"minecraft:deepslate_tile_stairs":3,"minecraft:red_mushroom":15,"new_ores_1_20_1:deepslate_bronze_ore":7,"minecraft:emerald":1,"minecraft:dirt":167,"minecraft:dark_oak_log":8,"minecraft:mutton":6,"gravestone:obituary":2,"minecraft:writable_book":1,"new_ores_1_20_1:silver_ore":1,"undead_revamp2:blacpetalblock":2,"minecraft:dark_oak_planks":5,"eeeabsmobs:soul_summoning_necklace":2,"minecraft:birch_log":14,"minecraft:white_wool":7,"minecraft:gold_ingot":6,"minecraft:bone":5,"minecraft:chiseled_polished_blackstone":2,"minecraft:mangrove_roots":1,"minecraft:lever":12,"minecraft:cobbled_deepslate":1013,"minecraft:black_carpet":2,"minecraft:pointed_dripstone":2,"minecraft:wheat":4,"undead_revamp2:arapholia":1,"minecraft:rotten_flesh":302,"minecraft:oak_planks":4,"new_ores_1_20_1:moonstone_block":1,"minecraft:enchanted_golden_apple":335,"new_ores_1_20_1:onyx_armor_helmet":1,"minecraft:carrot":2,"minecraft:gunpowder":22,"minecraft:skull_banner_pattern":1,"minecraft:skeleton_skull":1,"travelersbackpack:iron_golem":1,"minecraft:melon_seeds":6,"minecraft:quartz_block":8,"minecraft:hopper":2,"minecraft:leather_boots":1,"new_ores_1_20_1:onyx_armor_boots":1,"new_ores_1_20_1:onyx_armor_chestplate":1,"uniquedungeons:antique_pebble":1,"minecraft:arrow":7,"minecraft:beef":5,"minecraft:netherrack":1,"minecraft:bread":1,"minecraft:iron_ingot":5,"new_ores_1_20_1:sapphire":1,"minecraft:wheat_seeds":16,"minecraft:dripstone_block":2,"minecraft:diamond_leggings":2,"minecraft:cobblestone":297,"minecraft:iron_helmet":2,"minecraft:book":6,"minecraft:amethyst_block":15,"minecraft:spruce_button":1,"uniquedungeons:dark_antique_stone":45,"new_ores_1_20_1:moonstone_ore":1,"minecraft:copper_ingot":1,"minecraft:spruce_stairs":3,"travelersbackpack:dragon":1,"minecraft:coal":13,"minecraft:golden_apple":1,"minecraft:stick":2,"horror_element_mod:villager_head":1,"minecraft:iron_trapdoor":3,"minecraft:torch":144,"minecraft:melon_slice":2,"minecraft:iron_door":1,"minecraft:diamond_helmet":1,"minecraft:iron_leggings":6,"uniquedungeons:dried_quick_sand":6,"minecraft:iron_axe":2,"minecraft:white_banner":1,"dungeons_plus:soul_cannon":1,"new_ores_1_20_1:sapphire_pickaxe":6,"uniquedungeons:chiseled_dark_antique_stone":1,"minecraft:paper":2,"minecraft:string":36,"minecraft:redstone":4,"minecraft:smooth_basalt":6,"minecraft:kelp":1,"uniquedungeons:ancient_note":2,"minecraft:coarse_dirt":2,"minecraft:raw_copper":25,"minecraft:smooth_stone_slab":1,"minecraft:tuff":20,"minecraft:raw_iron":15,"new_ores_1_20_1:onyx_armor_leggings":1,"minecraft:iron_boots":1,"minecraft:filled_map":4,"minecraft:diamond_sword":5,"man:tearoftheman":2,"undead_revamp2:heavytooth":1,"minecraft:diamond_chestplate":2,"minecraft:spruce_planks":2,"minecraft:iron_chestplate":3,"minecraft:andesite":1,"new_ores_1_20_1:sapphire_ore":6,"minecraft:oak_sapling":2,"minecraft:redstone_torch":1,"minecraft:spider_eye":2,"minecraft:stone_bricks":44,"minecraft:diamond_boots":2,"new_ores_1_20_1:steel_ore":5,"minecraft:bow":2,"minecraft:stone_pickaxe":2,"minecraft:wooden_pickaxe":1,"minecraft:raw_gold":4,"minecraft:cracked_deepslate_bricks":2,"minecraft:calcite":9},"minecraft:picked_up":{"minecraft:iron_chestplate":2,"minecraft:wheat":4,"minecraft:black_carpet":6,"minecraft:iron_trapdoor":3,"minecraft:flower_pot":1,"minecraft:lead":11,"travelersbackpack:dragon":1,"eeeabsmobs:soul_summoning_necklace":2,"minecraft:diamond_sword":3,"minecraft:wither_rose":4,"minecraft:potion":2,"minecraft:enchanted_book":1,"horror_element_mod:blood_1":2,"minecraft:brewing_stand":1,"minecraft:soul_soil":36,"minecraft:amethyst_block":20,"minecraft:polished_deepslate":86,"minecraft:string":54,"minecraft:dead_tube_coral_block":1,"minecraft:raw_copper":25,"horror_element_mod:blood_3":1,"minecraft:smooth_stone_slab":9,"minecraft:iron_leggings":3,"minecraft:sticky_piston":2,"minecraft:diamond_leggings":2,"minecraft:cobbled_deepslate":1597,"minecraft:smooth_stone":3,"minecraft:spruce_planks":21,"minecraft:redstone_torch":1,"minecraft:rose_bush":1,"uniquedungeons:antique_pebble":1,"minecraft:calcite":9,"minecraft:coal_block":1,"minecraft:melon_slice":37,"minecraft:furnace":2,"minecraft:stick":6,"new_ores_1_20_1:tanzanite_ore":9,"minecraft:torch":94,"minecraft:spruce_stairs":3,"minecraft:porkchop":8,"minecraft:golden_axe":1,"minecraft:dried_kelp":6,"minecraft:lightning_rod":5,"minecraft:pointed_dripstone":2,"minecraft:deepslate_tile_stairs":3,"new_ores_1_20_1:sapphire_pickaxe":8,"minecraft:quartz_block":8,"minecraft:honey_bottle":8,"minecraft:rotten_flesh":385,"new_ores_1_20_1:moonstone_block":3,"new_ores_1_20_1:angelite_ore":8,"minecraft:mangrove_roots":11,"man:cassetteplayer":2,"minecraft:iron_bars":1,"undead_revamp2:arapholia":3,"minecraft:cobblestone":518,"new_ores_1_20_1:sapphire_ore":12,"minecraft:nautilus_shell":1,"minecraft:birch_log":18,"minecraft:enchanting_table":2,"new_ores_1_20_1:silver_ore":1,"minecraft:iron_door":5,"minecraft:andesite":5,"minecraft:black_bed":1,"minecraft:potato":3,"uniquedungeons:dark_antique_stone_slab":10,"minecraft:flint":3,"minecraft:tuff":20,"undead_revamp2:huntereye":5,"horror_element_mod:villager_head":2,"minecraft:lantern":1,"new_ores_1_20_1:moonstone_ore":6,"minecraft:dirt":547,"minecraft:leather_boots":2,"minecraft:bone":57,"undead_revamp2:blacpetalblock":3,"minecraft:bow":4,"minecraft:wheat_seeds":36,"minecraft:raw_gold":7,"minecraft:bell":1,"minecraft:diamond_helmet":1,"minecraft:moss_block":1,"new_ores_1_20_1:bronze_ore":1,"minecraft:oak_planks":3,"minecraft:gray_glazed_terracotta":2,"new_ores_1_20_1:ruby_pickaxe":2,"new_ores_1_20_1:topaz_ore":16,"minecraft:dark_oak_log":11,"undead_revamp2:heavytooth":1,"horror_element_mod:blood_2":2,"minecraft:diamond":45,"minecraft:lever":15,"minecraft:writable_book":1,"minecraft:crossbow":1,"new_ores_1_20_1:sunstone_block":3,"minecraft:spruce_button":1,"minecraft:emerald":18,"minecraft:bread":14,"minecraft:oak_sapling":2,"minecraft:netherrack":6,"new_ores_1_20_1:steel_ore":11,"undead_revamp2:bostroxingot":4,"minecraft:coarse_dirt":2,"minecraft:splash_potion":2,"new_ores_1_20_1:deepslate_bronze_ore":47,"minecraft:golden_pickaxe":1,"minecraft:brown_mushroom":10,"minecraft:gold_block":1,"uniquedungeons:ancient_root_item":3,"minecraft:shield":1,"minecraft:red_bed":2,"minecraft:iron_axe":2,"uniquedungeons:dark_antique_stone_stairs":2,"minecraft:moss_carpet":4,"minecraft:flint_and_steel":1,"minecraft:wooden_sword":1,"minecraft:cracked_stone_bricks":2,"minecraft:candle":7,"minecraft:beef":18,"minecraft:observer":9,"minecraft:chest":2,"minecraft:birch_sapling":1,"minecraft:egg":2,"minecraft:dark_oak_sapling":4,"minecraft:raw_iron":54,"minecraft:sandstone":18,"sons_of_sins:bloody_bone":2,"minecraft:oak_door":1,"minecraft:copper_ingot":4,"minecraft:carrot":3,"uniquedungeons:ancient_note":2,"minecraft:redstone":171,"minecraft:stone_pressure_plate":8,"new_ores_1_20_1:sunstone_ore":7,"minecraft:dark_oak_planks":3,"horror_element_mod:impaled_head":2,"minecraft:arrow":62,"minecraft:diamond_chestplate":2,"minecraft:diamond_boots":2,"minecraft:hay_block":13,"minecraft:cracked_deepslate_bricks":3,"minecraft:gold_ingot":6,"minecraft:saddle":2,"minecraft:tube_coral_block":1,"dungeons_plus:soul_cannon":1,"minecraft:mutton":20,"minecraft:skeleton_skull":1,"minecraft:white_wool":10,"minecraft:oxeye_daisy":1,"horror_element_mod:atmosphere_block":1,"minecraft:glow_ink_sac":2,"minecraft:leather":5,"minecraft:red_mushroom":15,"minecraft:birch_planks":4,"minecraft:filled_map":1,"uniquedungeons:ceramic_shard":10,"sons_of_sins:hand_of_riot":1,"minecraft:oak_log":9,"minecraft:gunpowder":41,"minecraft:white_banner":3,"man:cassette_1safetyinstructions":1,"uniquedungeons:dried_quick_sand":8,"minecraft:stone_bricks":53,"minecraft:kelp":1,"horror_element_mod:bloody_tombstone":2,"minecraft:spore_blossom":2,"minecraft:iron_ingot":13,"minecraft:stone_pickaxe":1,"minecraft:gray_bed":6,"minecraft:glass_bottle":2,"minecraft:dark_oak_stairs":2,"minecraft:book":3,"minecraft:sculk_catalyst":1,"minecraft:smooth_basalt":6,"minecraft:warped_fungus":1,"minecraft:black_candle":2,"horror_element_mod:blood_7":1,"minecraft:dripstone_block":2,"minecraft:gravel":15,"minecraft:soul_torch":1,"minecraft:white_bed":1,"minecraft:green_carpet":3,"uniquedungeons:dark_antique_stone":45,"minecraft:spider_eye":2,"undead_revamp2:rawbostrox":3,"travelersbackpack:standard":1,"uniquedungeons:chiseled_dark_antique_stone":1,"minecraft:iron_helmet":1,"new_ores_1_20_1:turmaline_ore":7,"minecraft:melon_seeds":6,"minecraft:coal":18,"minecraft:hopper":2},"minecraft:killed":{"undead_revamp2:thewolf":2,"endofherobrine:silverfish":2,"minecraft:cave_spider":5,"endofherobrine:zombie":1,"minecraft:witch":3,"minecraft:spider":4,"undead_revamp2:axestrom":12,"undead_revamp2:thesmoker":3,"undead_revamp2:theswarmer":1,"minecraft:skeleton":56,"minecraft:bee":7,"undead_revamp2:thespitter":2,"minecraft:pig":3,"minecraft:zombie_villager":1,"minecraft:salmon":2,"undead_revamp2:theheavy":1,"undead_revamp2:thebeartamer":5,"minecraft:creeper":20,"minecraft:sheep":9,"minecraft:pillager":7,"undead_revamp2:slaveman":1,"minecraft:zombie":225,"undead_revamp2:theskeeper":2,"endofherobrine:cow":2,"endofherobrine:pigman":1,"minecraft:cow":4,"minecraft:vex":2,"undead_revamp2:thehunter":11,"undead_revamp2:thegliter":1,"minecraft:vindicator":4,"undead_revamp2:bomber":1,"minecraft:phantom":1,"minecraft:horse":1,"minecraft:drowned":10,"undead_revamp2:thehorrors":2,"minecraft:warden":1,"undead_revamp2:sucker":4,"sons_of_sins:prowler":3,"undead_revamp2:the_moonflower":15,"eeeabsmobs:corpse_to_player":3,"undead_revamp2:thesomnolence":9,"minecraft:villager":3,"minecraft:enderman":2},"minecraft:custom":{"minecraft:animals_bred":1,"minecraft:interact_with_crafting_table":11,"minecraft:open_barrel":3,"minecraft:bell_ring":37,"minecraft:leave_game":5,"minecraft:time_since_death":202124,"minecraft:damage_resisted":3462,"minecraft:sprint_one_cm":863885,"minecraft:damage_blocked_by_shield":20,"minecraft:drop":283,"minecraft:play_noteblock":14,"minecraft:talked_to_villager":29,"minecraft:play_time":553918,"minecraft:deaths":4,"minecraft:jump":5851,"minecraft:walk_on_water_one_cm":68939,"minecraft:interact_with_furnace":16,"minecraft:traded_with_villager":3,"minecraft:sleep_in_bed":11,"minecraft:damage_dealt":91366,"minecraft:crouch_one_cm":77218,"minecraft:interact_with_smoker":1,"minecraft:interact_with_smithing_table":1,"minecraft:interact_with_anvil":1,"minecraft:mob_kills":474,"minecraft:inspect_hopper":1,"minecraft:damage_dealt_resisted":1037,"minecraft:climb_one_cm":3968,"minecraft:walk_one_cm":1740017,"minecraft:raid_win":1,"minecraft:sneak_time":35162,"minecraft:walk_under_water_one_cm":59380,"minecraft:interact_with_lectern":4,"minecraft:boat_one_cm":20,"minecraft:total_world_time":553918,"minecraft:tune_noteblock":3,"minecraft:pot_flower":1,"minecraft:interact_with_stonecutter":1,"minecraft:time_since_rest":17289,"minecraft:damage_absorbed":8192,"minecraft:damage_taken":9197,"minecraft:trigger_trapped_chest":4,"minecraft:swim_one_cm":117029,"minecraft:fly_one_cm":945366,"minecraft:open_chest":82,"minecraft:fall_one_cm":137931}},"DataVersion":3465}