{"stats":{"minecraft:killed":{"minecraft:cave_spider":5,"endofherobrine:zombie":1,"spore:braiomil":2,"spore:leaper":2,"undead_revamp2:axestrom":12,"undead_revamp2:theswarmer":1,"minecraft:skeleton":66,"spore:spitter":3,"undead_revamp2:thespitter":2,"spore:inf_player":14,"man:managgresive":3,"minecraft:salmon":2,"undead_revamp2:theheavy":1,"minecraft:pillager":9,"undead_revamp2:slaveman":1,"minecraft:zombie":238,"endofherobrine:pigman":1,"minecraft:cow":54,"undead_revamp2:thehunter":15,"minecraft:vindicator":4,"undead_revamp2:bomber":1,"minecraft:horse":1,"spore:jagd":2,"minecraft:warden":1,"spore:braurei":1,"undead_revamp2:the_moonflower":19,"eeeabsmobs:corpse_to_player":4,"man:manfromthefog":1,"undead_revamp2:thesomnolence":9,"minecraft:enderman":2,"undead_revamp2:thewolf":2,"endofherobrine:silverfish":2,"minecraft:witch":3,"minecraft:spider":6,"undead_revamp2:thesmoker":5,"minecraft:bee":7,"minecraft:pig":3,"minecraft:zombie_villager":2,"undead_revamp2:thebeartamer":5,"minecraft:creeper":41,"minecraft:sheep":9,"spore:inf_villager":5,"spore:inf_human":13,"undead_revamp2:theskeeper":2,"endofherobrine:cow":8,"spore:knight":1,"minecraft:vex":2,"undead_revamp2:thegliter":1,"minecraft:phantom":1,"minecraft:drowned":10,"undead_revamp2:thehorrors":2,"undead_revamp2:sucker":9,"sons_of_sins:prowler":3,"spore:inf_pillager":7,"spore:brot":1,"spore:busser":3,"spore:inf_husk":6,"minecraft:player":2,"minecraft:villager":3},"minecraft:killed_by":{"spore:inf_pillager":2,"spore:sieger":1,"spore:brot":1,"undead_revamp2:sucker":1,"spore:volatile":2,"spore:inf_human":3,"spore:inf_evoker":1,"spore:inf_player":5,"spore:inf_villager":1,"spore:wendigo":1,"spore:usurper":1},"minecraft:custom":{"minecraft:interact_with_crafting_table":26,"minecraft:open_barrel":3,"minecraft:bell_ring":37,"minecraft:leave_game":28,"minecraft:time_since_death":6212,"minecraft:damage_blocked_by_shield":20,"minecraft:play_time":1141715,"minecraft:deaths":24,"minecraft:jump":9330,"minecraft:interact_with_furnace":16,"minecraft:traded_with_villager":3,"minecraft:sleep_in_bed":54,"tombstone:sneak_grave":1,"minecraft:damage_dealt":150201,"tombstone:undead_killed":6,"minecraft:interact_with_smoker":1,"minecraft:interact_with_smithing_table":1,"minecraft:interact_with_anvil":1,"minecraft:inspect_hopper":1,"minecraft:damage_dealt_absorbed":120,"minecraft:sneak_time":61623,"minecraft:interact_with_lectern":4,"minecraft:total_world_time":1141715,"minecraft:tune_noteblock":3,"minecraft:interact_with_stonecutter":1,"minecraft:time_since_rest":5873,"tombstone:cast_on_ally":0,"minecraft:swim_one_cm":117029,"minecraft:fly_one_cm":2257687,"minecraft:open_chest":195,"minecraft:fall_one_cm":205734,"minecraft:animals_bred":9,"minecraft:damage_resisted":6167,"minecraft:sprint_one_cm":1300461,"minecraft:drop":355,"minecraft:play_noteblock":14,"minecraft:talked_to_villager":29,"minecraft:walk_on_water_one_cm":72405,"minecraft:player_kills":3,"minecraft:crouch_one_cm":124861,"minecraft:mob_kills":673,"minecraft:damage_dealt_resisted":9288,"minecraft:climb_one_cm":3968,"minecraft:walk_one_cm":2929931,"minecraft:raid_win":1,"minecraft:walk_under_water_one_cm":61799,"minecraft:boat_one_cm":20,"minecraft:pot_flower":1,"minecraft:damage_taken":20019622,"minecraft:damage_absorbed":13967,"minecraft:trigger_trapped_chest":4},"minecraft:used":{"minecraft:moss_block":1,"man:ritualblockoff":1,"minecraft:writable_book":4,"minecraft:black_carpet":4,"minecraft:chest":6,"minecraft:stone":11,"rechiseled:cobblestone_rotated_bricks":17,"minecraft:snowball":1,"horror_element_mod:crucified_body":1,"minecraft:grass_block":371,"minecraft:birch_sapling":1,"horror_element_mod:villager_head":1,"minecraft:quartz_block":5,"minecraft:oak_sapling":1,"new_ores_1_20_1:sapphire_sword":1255,"minecraft:furnace":3,"horror_element_mod:colonial_marine_body":9,"minecraft:egg":2,"horror_element_mod:atmosphere_block":1,"minecraft:potato":240,"horror_element_mod:blood_1":2,"minecraft:cow_spawn_egg":21,"rechiseled:cobblestone_polished":3,"travelersbackpack:dragon":24,"minecraft:smooth_quartz_stairs":4,"minecraft:golden_apple":1,"man:manfromthefog_spawn_egg":1,"minecraft:lightning_rod":5,"horror_element_mod:blood_2":5,"minecraft:crying_obsidian":8,"minecraft:spore_blossom":2,"graveyard:dark_iron_door":3,"minecraft:diamond_sword":493,"minecraft:fire_charge":2,"minecraft:wooden_sword":6,"minecraft:birch_log":1,"sons_of_sins:prowler_spawn_egg":3,"spore:spitter_spawnegg":2,"minecraft:iron_bars":2,"minecraft:enchanting_table":1,"minecraft:dead_tube_coral_block":1,"minecraft:netherrack":5,"minecraft:torch":277,"minecraft:brewing_stand":1,"minecraft:oak_fence_gate":3,"minecraft:iron_axe":4,"minecraft:spruce_button":1,"dungeons_plus:soul_cannon":34,"new_ores_1_20_1:onyx_sword":918,"minecraft:gray_glazed_terracotta":2,"tombstone:gift":1,"undead_revamp2:arapholia":3,"minecraft:cobbled_deepslate":157,"minecraft:observer":2,"minecraft:pointed_dripstone":2,"minecraft:golden_axe":8,"minecraft:wheat_seeds":11,"whispering_spirits:whispering_spirit_spawn_egg":24,"minecraft:tube_coral_block":1,"minecraft:birch_planks":15,"minecraft:cracked_stone_bricks":1,"minecraft:crafting_table":1,"minecraft:red_bed":2,"minecraft:white_bed":1,"minecraft:oak_log":168,"minecraft:oxeye_daisy":22,"new_ores_1_20_1:sapphire_axe":628,"new_ores_1_20_1:steel_ore":3,"minecraft:cobblestone":326,"minecraft:potion":3,"travelersbackpack:standard":10,"minecraft:porkchop":3,"minecraft:glass_pane":3,"minecraft:black_candle":8,"minecraft:candle":4,"spore:sieger_spawnegg":1,"minecraft:moss_carpet":4,"minecraft:polished_deepslate":94,"minecraft:shield":1,"minecraft:zombie_spawn_egg":167,"minecraft:bell":1,"minecraft:birch_pressure_plate":2,"spore:frozen_reinforced_door":2,"spore:howitzer_spawnegg":1,"minecraft:carrot":2,"rechiseled:cobblestone_pillar":26,"minecraft:obsidian":9,"minecraft:honey_bottle":2,"minecraft:bricks":4,"minecraft:lantern":1,"minecraft:stone_bricks":14,"minecraft:gray_bed":14,"minecraft:stone_pickaxe":16,"minecraft:oak_planks":123,"horror_element_mod:impaled_head":2,"endofherobrine:zombie_spawn_egg":1,"minecraft:black_bed":1,"man:cassetteplayer":3,"minecraft:lever":3,"the_knocker:knocker_spawn_egg":3,"minecraft:melon_slice":35,"minecraft:bread":4,"minecraft:string":1,"tombstone:grave_key":8,"minecraft:iron_door":4,"minecraft:gravel":2,"uniquedungeons:blood_sword":178,"minecraft:smooth_stone_slab":8,"minecraft:golden_pickaxe":53,"minecraft:oak_fence":50,"minecraft:flint_and_steel":28,"minecraft:spruce_planks":11,"minecraft:oak_door":1,"spore:vent_door":3,"sons_of_sins:betrayed_guzzler_spawn_egg":2,"minecraft:dirt":1248,"rechiseled:acacia_planks_brick_paving":11,"undergarden:wigglewood_door":2,"new_ores_1_20_1:sapphire_pickaxe":4431,"minecraft:dark_oak_planks":1,"spore:infested_dirt":1,"rechiseled:oak_planks_tiles":688,"minecraft:white_stained_glass_pane":405,"minecraft:stone_pressure_plate":8,"minecraft:enchanted_golden_apple":153,"minecraft:amethyst_block":5,"minecraft:snow_block":1601,"minecraft:baked_potato":4,"sons_of_sins:blud_spawn_egg":1,"new_ores_1_20_1:sapphire_shovel":1277,"minecraft:flower_pot":1,"minecraft:apple":10,"minecraft:map":3,"minecraft:wither_rose":4,"minecraft:sculk_catalyst":1,"minecraft:splash_potion":51,"minecraft:soul_torch":1},"minecraft:picked_up":{"minecraft:iron_chestplate":2,"minecraft:flower_pot":1,"spore:sicken_biomass_block":1,"travelersbackpack:dragon":4,"spore:infested_dirt":29,"minecraft:diamond_sword":4,"minecraft:lead":16,"eeeabsmobs:soul_summoning_necklace":4,"minecraft:wither_rose":4,"minecraft:enchanted_book":1,"minecraft:brewing_stand":1,"minecraft:amethyst_block":20,"minecraft:polished_deepslate":111,"minecraft:string":63,"minecraft:soul_soil":36,"spore:corrosive_sack":1,"minecraft:diamond_leggings":2,"minecraft:cobbled_deepslate":1597,"minecraft:spruce_planks":22,"minecraft:coal_block":1,"minecraft:melon_slice":37,"new_ores_1_20_1:tanzanite_ore":9,"minecraft:golden_axe":1,"minecraft:lightning_rod":5,"minecraft:deepslate_tile_stairs":3,"new_ores_1_20_1:sapphire_pickaxe":9,"minecraft:honey_bottle":8,"new_ores_1_20_1:moonstone_block":3,"new_ores_1_20_1:angelite_ore":8,"minecraft:iron_bars":3,"minecraft:snowball":22,"minecraft:birch_log":18,"minecraft:magma_block":2,"minecraft:iron_door":5,"minecraft:flint":12,"uniquedungeons:climbing_hook_item":3,"new_ores_1_20_1:moonstone_ore":10,"minecraft:lantern":1,"undead_revamp2:blacpetalblock":3,"minecraft:stonecutter":6,"minecraft:diamond_helmet":1,"minecraft:moss_block":1,"new_ores_1_20_1:bronze_ore":1,"minecraft:gray_glazed_terracotta":2,"new_ores_1_20_1:topaz_ore":16,"minecraft:dark_oak_log":11,"undead_revamp2:heavytooth":1,"new_ores_1_20_1:ruby_armor_helmet":1,"minecraft:lever":15,"minecraft:writable_book":1,"new_ores_1_20_1:sunstone_block":3,"minecraft:granite":36,"minecraft:spruce_button":1,"minecraft:bread":18,"spore:spine_fragment":5,"minecraft:coarse_dirt":2,"minecraft:golden_pickaxe":1,"minecraft:cornflower":3,"minecraft:red_bed":3,"minecraft:flint_and_steel":1,"minecraft:cracked_stone_bricks":2,"minecraft:beef":78,"minecraft:poppy":22,"minecraft:chest":2,"minecraft:birch_sapling":1,"minecraft:egg":2,"minecraft:sandstone":18,"minecraft:oak_door":1,"minecraft:carrot":3,"uniquedungeons:ancient_note":2,"minecraft:redstone":171,"new_ores_1_20_1:ruby_armor_boots":1,"new_ores_1_20_1:sunstone_ore":7,"horror_element_mod:impaled_head":2,"minecraft:diamond_chestplate":2,"minecraft:peony":2,"minecraft:diamond_boots":2,"minecraft:hay_block":13,"minecraft:cracked_deepslate_bricks":3,"minecraft:tube_coral_block":1,"minecraft:gold_ingot":6,"minecraft:totem_of_undying":1,"minecraft:mutton":20,"minecraft:rail":2,"minecraft:white_wool":10,"minecraft:oxeye_daisy":70,"minecraft:red_mushroom":15,"minecraft:filled_map":1,"minecraft:oak_log":15,"sons_of_sins:hand_of_riot":1,"travelersbackpack:sheep":1,"minecraft:white_banner":8,"man:cassette_1safetyinstructions":1,"uniquedungeons:dried_quick_sand":8,"minecraft:apple":10,"minecraft:stone_bricks":53,"minecraft:kelp":1,"horror_element_mod:bloody_tombstone":2,"minecraft:spore_blossom":2,"minecraft:stone_pickaxe":1,"minecraft:oak_fence_gate":2,"spore:mutated_fiber":89,"minecraft:glass_bottle":2,"minecraft:gray_bed":11,"minecraft:dark_oak_stairs":2,"minecraft:smooth_basalt":6,"minecraft:gravel":48,"uniquedungeons:dark_antique_stone":45,"travelersbackpack:standard":2,"uniquedungeons:chiseled_dark_antique_stone":1,"minecraft:gray_wool":10,"minecraft:melon_seeds":6,"minecraft:hopper":2,"minecraft:ender_pearl":1,"spore:mutated_heart":10,"minecraft:black_carpet":6,"minecraft:wheat":23,"minecraft:iron_trapdoor":3,"minecraft:potion":2,"horror_element_mod:blood_1":2,"minecraft:gilded_blackstone":4,"minecraft:dead_tube_coral_block":1,"minecraft:raw_copper":60,"minecraft:smooth_stone_slab":9,"horror_element_mod:blood_3":1,"minecraft:iron_leggings":3,"minecraft:sticky_piston":4,"minecraft:smooth_stone":3,"uniquedungeons:antique_pebble":1,"minecraft:rose_bush":1,"minecraft:redstone_torch":1,"minecraft:calcite":9,"minecraft:furnace":3,"minecraft:stick":123,"minecraft:oak_fence":20,"minecraft:torch":121,"minecraft:spruce_stairs":3,"minecraft:porkchop":8,"minecraft:dried_kelp":6,"spore:biomass":14,"minecraft:pointed_dripstone":4,"minecraft:diorite":68,"minecraft:quartz_block":8,"minecraft:rotten_flesh":439,"minecraft:mangrove_roots":11,"man:cassetteplayer":2,"undead_revamp2:arapholia":5,"minecraft:cobblestone":1063,"new_ores_1_20_1:sapphire_ore":12,"new_ores_1_20_1:ruby_armor_leggings":2,"minecraft:nautilus_shell":1,"minecraft:enchanting_table":3,"new_ores_1_20_1:silver_ore":1,"minecraft:andesite":29,"minecraft:black_bed":2,"minecraft:potato":87,"uniquedungeons:dark_antique_stone_slab":10,"minecraft:tuff":20,"undead_revamp2:huntereye":5,"graveyard:dark_iron_door":1,"horror_element_mod:villager_head":2,"minecraft:dirt":1932,"minecraft:leather_boots":2,"minecraft:bone":75,"minecraft:bow":8,"minecraft:wheat_seeds":162,"minecraft:raw_gold":7,"minecraft:bell":1,"spore:biomass_block":1,"minecraft:oak_planks":700,"spore:cerebrum":5,"spore:armor_fragment":41,"new_ores_1_20_1:ruby_pickaxe":2,"minecraft:grass_block":1,"spore:claw_fragment":23,"horror_element_mod:blood_2":2,"minecraft:diamond":46,"minecraft:crossbow":1,"minecraft:emerald":30,"minecraft:oak_sapling":3,"minecraft:netherrack":6,"new_ores_1_20_1:steel_ore":12,"undead_revamp2:bostroxingot":4,"new_ores_1_20_1:deepslate_bronze_ore":47,"minecraft:azure_bluet":61,"minecraft:splash_potion":3,"minecraft:brown_mushroom":10,"new_ores_1_20_1:ruby_armor_chestplate":1,"minecraft:gold_block":1,"uniquedungeons:ancient_root_item":3,"minecraft:shield":1,"uniquedungeons:dark_antique_stone_stairs":2,"minecraft:moss_carpet":4,"minecraft:iron_axe":2,"minecraft:wooden_sword":1,"minecraft:candle":7,"minecraft:observer":9,"minecraft:dark_oak_sapling":4,"minecraft:raw_iron":59,"sons_of_sins:bloody_bone":2,"spore:wing_membrane":2,"minecraft:copper_ingot":4,"minecraft:stone_pressure_plate":9,"minecraft:dark_oak_planks":3,"minecraft:arrow":86,"minecraft:saddle":2,"dungeons_plus:soul_cannon":3,"spore:tendons":9,"minecraft:skeleton_skull":1,"minecraft:air":0,"minecraft:glow_ink_sac":7,"horror_element_mod:atmosphere_block":1,"minecraft:leather":39,"uniquedungeons:ceramic_shard":10,"minecraft:birch_planks":13,"minecraft:gunpowder":61,"minecraft:iron_ingot":13,"minecraft:book":21,"minecraft:sculk_catalyst":1,"new_ores_1_20_1:onyx_armor_leggings":1,"minecraft:black_candle":2,"minecraft:warped_fungus":1,"minecraft:emerald_block":2,"horror_element_mod:blood_7":1,"minecraft:dripstone_block":2,"minecraft:soul_torch":2,"minecraft:white_bed":1,"minecraft:green_carpet":3,"minecraft:spider_eye":3,"undead_revamp2:rawbostrox":3,"minecraft:iron_helmet":1,"new_ores_1_20_1:turmaline_ore":7,"minecraft:coal":37},"minecraft:mined":{"minecraft:dark_oak_planks":15,"spore:fungal_roots":1,"spore:wall_growths":13,"new_ores_1_20_1:deepslate_bronze_ore":15,"man:cassetteplayer":2,"minecraft:granite":8,"horror_element_mod:bloody_tombstone":2,"minecraft:coal_block":1,"minecraft:deepslate_tile_stairs":2,"minecraft:oxeye_daisy":17,"minecraft:chiseled_stone_bricks":1,"minecraft:spawner":4,"minecraft:light_blue_stained_glass":3,"minecraft:potted_warped_fungus":1,"horror_element_mod:rotten_body":1,"minecraft:tall_seagrass":1,"minecraft:magma_block":3,"horror_element_mod:villager_head":1,"minecraft:cobbled_deepslate":10,"minecraft:sticky_piston":1,"minecraft:fire":15,"minecraft:moss_carpet":5,"spore:growth_mycelium":18,"minecraft:enchanting_table":1,"horror_element_mod:severed_hand":1,"minecraft:sculk_shrieker":3,"minecraft:green_carpet":2,"uniquedungeons:dark_antique_stone_stairs":5,"minecraft:brown_mushroom":2,"minecraft:red_bed":3,"minecraft:reinforced_deepslate":1,"minecraft:powder_snow":15,"minecraft:torch":50,"new_ores_1_20_1:moonstone_block":3,"minecraft:note_block":6,"minecraft:melon":7,"minecraft:glass":20,"spore:biomass_block":5,"new_ores_1_20_1:topaz_ore":5,"minecraft:amethyst_block":15,"minecraft:skeleton_skull":1,"minecraft:chain":6,"minecraft:tinted_glass":1,"minecraft:wheat":87,"minecraft:wither_rose":2,"minecraft:grass":77,"horror_element_mod:dead_cow":2,"minecraft:oak_fence_gate":2,"horror_element_mod:blood_1":3,"spore:hanging_fungal_stem":3,"minecraft:smooth_basalt":6,"minecraft:red_mushroom_block":7,"minecraft:deepslate":2517,"horror_element_mod:blood_3":1,"minecraft:mossy_cobblestone":2,"minecraft:dark_oak_log":4,"uniquedungeons:dark_antique_stone":47,"minecraft:potted_bamboo":1,"minecraft:moss_block":5,"spore:growths_small":8,"horror_element_mod:atmosphere_block":2,"minecraft:redstone_ore":1,"spore:blomfung":2,"minecraft:andesite":23,"horror_element_mod:scientist_body":5,"minecraft:potatoes":47,"minecraft:vine":3,"horror_element_mod:blood_7":6,"minecraft:hanging_roots":10,"minecraft:observer":1,"minecraft:smooth_sandstone":1,"minecraft:spruce_button":1,"minecraft:emerald_ore":1,"horror_element_mod:hanging_corpse_1":1,"minecraft:lightning_rod":24,"minecraft:tall_grass":50,"minecraft:copper_ore":28,"new_ores_1_20_1:sapphire_ore":6,"minecraft:cracked_deepslate_bricks":5,"horror_element_mod:trapped_leg":1,"minecraft:diorite":42,"minecraft:coarse_dirt":3,"minecraft:birch_leaves":6,"minecraft:mycelium":370,"horror_element_mod:hospital_bed":1,"minecraft:gravel":21,"minecraft:dripstone_block":5,"minecraft:cobweb":12,"minecraft:stone_bricks":9,"minecraft:iron_trapdoor":4,"undead_revamp2:arapholia":3,"minecraft:stone_pressure_plate":4,"minecraft:spruce_planks":11,"minecraft:sculk_vein":5,"minecraft:brewing_stand":1,"minecraft:grass_block":490,"spore:fungal_stem":7,"minecraft:soul_soil":36,"spore:infested_dirt":34,"minecraft:sculk_catalyst":1,"minecraft:iron_ore":7,"spore:infested_stone":1,"uniquedungeons:dark_antique_stone_slab":3,"minecraft:black_carpet":6,"minecraft:azure_bluet":5,"minecraft:pointed_dripstone":12,"minecraft:iron_bars":2,"minecraft:black_candle":2,"new_ores_1_20_1:bronze_ore":2,"minecraft:deepslate_redstone_ore":11,"horror_element_mod:dead_experiment":5,"minecraft:quartz_block":4,"horror_element_mod:beheaded_body":2,"spore:growths_big":9,"new_ores_1_20_1:steel_ore":13,"minecraft:calcite":8,"minecraft:poppy":1,"uniquedungeons:chiseled_dark_antique_stone":1,"minecraft:cobblestone":123,"minecraft:oak_planks":516,"minecraft:iron_door":2,"minecraft:wall_torch":44,"horror_element_mod:phished_head":1,"minecraft:birch_log":9,"horror_element_mod:spiked_villager":1,"minecraft:smooth_stone_slab":11,"minecraft:oak_log":10,"minecraft:sand":1,"minecraft:dirt":509,"horror_element_mod:blood_9":2,"horror_element_mod:colonial_marine_body":11,"minecraft:netherrack":6,"new_ores_1_20_1:silver_ore":2,"minecraft:oak_leaves":35,"minecraft:tuff":163,"uniquedungeons:urn":5,"spore:wall_growths_big":15,"minecraft:deepslate_diamond_ore":1,"minecraft:candle":2,"minecraft:mangrove_roots":1,"minecraft:gray_glazed_terracotta":3,"minecraft:glow_lichen":19,"minecraft:lever":2,"horror_element_mod:blood_8":1,"horror_element_mod:blood_2":7,"spore:sicken_biomass_block":1,"minecraft:sandstone":42,"minecraft:large_fern":3,"minecraft:hay_block":13,"minecraft:spore_blossom":1,"minecraft:furnace":2,"minecraft:gold_block":1,"minecraft:bell":1,"minecraft:polished_deepslate":54,"minecraft:deepslate_iron_ore":2,"spore:gastric_biomass_block":1,"spore:biomass_bulb":6,"minecraft:stone":1085,"new_ores_1_20_1:turmaline_ore":8,"minecraft:podzol":4,"minecraft:acacia_leaves":2,"minecraft:soul_torch":2,"new_ores_1_20_1:moonstone_ore":5,"minecraft:oak_fence":13,"minecraft:crafting_table":1,"uniquedungeons:dried_quick_sand":2,"minecraft:rose_bush":1,"minecraft:sculk_sensor":2,"minecraft:sculk":3,"horror_element_mod:impaled_head":1,"minecraft:spruce_stairs":1,"minecraft:birch_planks":9,"new_ores_1_20_1:sunstone_ore":6,"new_ores_1_20_1:sunstone_block":2,"minecraft:sea_pickle":1,"spore:bloomfung2":22,"minecraft:redstone_torch":1,"minecraft:gray_bed":7,"minecraft:bee_nest":2,"minecraft:coal_ore":27,"minecraft:cracked_stone_bricks":1,"minecraft:polished_andesite":1,"minecraft:small_dripleaf":1},"minecraft:crafted":{"man:cassetteplayer":1,"new_ores_1_20_1:sapphire_shovel":1,"new_ores_1_20_1:sapphire_sword":1,"minecraft:stone_pickaxe":1,"minecraft:dark_oak_planks":12,"minecraft:wheat":117,"minecraft:oak_fence_gate":3,"minecraft:oak_planks":28,"new_ores_1_20_1:sapphire_axe":1,"minecraft:oak_fence":36,"minecraft:crafting_table":2,"minecraft:wooden_pickaxe":1,"minecraft:chiseled_polished_blackstone":2,"minecraft:birch_planks":12,"minecraft:stick":64,"minecraft:spruce_button":1,"minecraft:furnace":1,"new_ores_1_20_1:sapphire_pickaxe":2,"new_ores_1_20_1:sapphire":4},"minecraft:dropped":{"minecraft:porkchop":3,"spore:biomass_block":1,"minecraft:glass_bottle":5,"minecraft:diamond":2,"minecraft:crossbow":1,"uniquedungeons:dark_antique_stone_stairs":2,"new_ores_1_20_1:ruby_pickaxe":2,"minecraft:cracked_stone_bricks":1,"uniquedungeons:dark_antique_stone_slab":5,"minecraft:red_mushroom":15,"minecraft:emerald":1,"minecraft:dirt":573,"minecraft:writable_book":2,"new_ores_1_20_1:silver_ore":1,"undead_revamp2:blacpetalblock":2,"minecraft:dark_oak_planks":5,"minecraft:white_wool":9,"minecraft:bone":5,"minecraft:lever":12,"minecraft:cobbled_deepslate":1013,"minecraft:black_carpet":2,"minecraft:wheat":4,"undead_revamp2:arapholia":2,"minecraft:rotten_flesh":328,"minecraft:enchanted_golden_apple":340,"minecraft:oak_planks":8,"new_ores_1_20_1:ruby_armor_leggings":1,"minecraft:skull_banner_pattern":1,"minecraft:quartz_block":8,"minecraft:hopper":2,"minecraft:leather_boots":1,"minecraft:beef":5,"minecraft:iron_ingot":5,"minecraft:wheat_seeds":26,"minecraft:dripstone_block":2,"minecraft:oak_fence":12,"minecraft:cobblestone":310,"minecraft:iron_helmet":2,"minecraft:book":6,"minecraft:apple":5,"minecraft:spruce_button":1,"uniquedungeons:dark_antique_stone":45,"minecraft:coal":14,"minecraft:golden_apple":1,"horror_element_mod:villager_head":1,"minecraft:iron_trapdoor":3,"minecraft:diamond_helmet":1,"spore:sicken_biomass_block":1,"uniquedungeons:dried_quick_sand":6,"minecraft:white_banner":1,"dungeons_plus:soul_cannon":2,"new_ores_1_20_1:sapphire_pickaxe":7,"spore:mutated_heart":2,"uniquedungeons:chiseled_dark_antique_stone":1,"minecraft:paper":2,"minecraft:string":37,"uniquedungeons:ancient_note":2,"minecraft:smooth_stone_slab":1,"minecraft:iron_boots":1,"minecraft:diamond_sword":5,"undead_revamp2:heavytooth":1,"minecraft:spruce_planks":2,"new_ores_1_20_1:sapphire_ore":6,"minecraft:redstone_torch":1,"minecraft:stone_bricks":44,"minecraft:stone_pressure_plate":1,"minecraft:spider_eye":2,"new_ores_1_20_1:steel_ore":5,"minecraft:bow":4,"minecraft:brown_mushroom":10,"minecraft:oak_log":3,"minecraft:baked_potato":10,"minecraft:dark_oak_sapling":4,"travelersbackpack:standard":2,"new_ores_1_20_1:deepslate_bronze_ore":7,"minecraft:deepslate_tile_stairs":3,"minecraft:dark_oak_log":8,"minecraft:mutton":6,"new_ores_1_20_1:sapphire_axe":1,"minecraft:white_stained_glass_pane":1,"eeeabsmobs:soul_summoning_necklace":4,"minecraft:birch_log":14,"minecraft:gold_ingot":6,"minecraft:chiseled_polished_blackstone":2,"minecraft:mangrove_roots":1,"minecraft:pointed_dripstone":2,"new_ores_1_20_1:moonstone_block":1,"new_ores_1_20_1:onyx_armor_helmet":1,"minecraft:carrot":2,"minecraft:gunpowder":22,"minecraft:skeleton_skull":1,"travelersbackpack:iron_golem":1,"minecraft:melon_seeds":6,"new_ores_1_20_1:onyx_armor_boots":1,"spore:vent_door":1,"new_ores_1_20_1:onyx_armor_chestplate":1,"uniquedungeons:antique_pebble":1,"minecraft:arrow":13,"minecraft:splash_potion":1,"minecraft:netherrack":1,"minecraft:enchanting_table":1,"new_ores_1_20_1:sapphire":7,"minecraft:bread":2,"minecraft:diamond_leggings":2,"minecraft:lead":2,"minecraft:amethyst_block":15,"new_ores_1_20_1:moonstone_ore":1,"minecraft:copper_ingot":1,"minecraft:spruce_stairs":3,"travelersbackpack:dragon":1,"minecraft:grass_block":1,"minecraft:stick":2,"minecraft:torch":147,"minecraft:melon_slice":2,"minecraft:iron_door":1,"minecraft:green_carpet":3,"minecraft:iron_leggings":6,"minecraft:stonecutter":3,"minecraft:iron_axe":2,"minecraft:smooth_basalt":6,"minecraft:redstone":4,"minecraft:kelp":1,"minecraft:coarse_dirt":2,"minecraft:raw_copper":25,"minecraft:tuff":20,"new_ores_1_20_1:onyx_armor_leggings":1,"minecraft:raw_iron":15,"minecraft:filled_map":4,"man:tearoftheman":2,"minecraft:diamond_chestplate":2,"minecraft:iron_chestplate":3,"minecraft:andesite":1,"minecraft:oak_sapling":2,"minecraft:cow_spawn_egg":1,"minecraft:diamond_boots":2,"minecraft:stone_pickaxe":2,"minecraft:wooden_pickaxe":1,"minecraft:raw_gold":4,"minecraft:cracked_deepslate_bricks":2,"minecraft:calcite":9},"minecraft:broken":{"new_ores_1_20_1:onyx_armor_boots":2,"minecraft:iron_boots":1,"new_ores_1_20_1:onyx_armor_helmet":2,"minecraft:iron_helmet":1,"new_ores_1_20_1:sapphire_pickaxe":2,"new_ores_1_20_1:onyx_armor_chestplate":2,"new_ores_1_20_1:onyx_armor_leggings":2,"minecraft:golden_pickaxe":1}},"DataVersion":3465}