{"stats":{"minecraft:dropped":{"minecraft:candle":19,"minecraft:wheat_seeds":11,"collectorsalbum:common_golden_shovel_card":1,"collectorsalbum:uncommon_netherite_hoe_card":1,"minecraft:mossy_cobblestone":1,"minecraft:glass_bottle":1,"minecraft:crafting_table":1,"collectorsalbum:common_netherite_boots_card":2,"magistuarmory:rustedcrusader_chestplate":1,"minecraft:red_nether_brick_slab":1,"collectorsalbum:rare_netherite_pickaxe_card":1,"minecraft:cobblestone":22,"minecraft:leather":2,"minecraft:purple_dye":1,"travelersbackpack:standard":1,"collectorsalbum:rare_sweet_berries_card":1,"minecraft:stick":4,"magistuarmory:rustedcrusader_boots":3,"irons_spellbooks:scroll":1,"irons_spellbooks:silver_ring":1,"magistuarmory:rusted_bastardsword":1,"tombstone:grave_dust":1,"collectorsalbum:rare_horse_card":2,"minecraft:purple_wool":3,"collectorsalbum:uncommon_netherite_helmet_card":1,"minecraft:cyan_carpet":1,"minecraft:dandelion":1,"minecraft:bone":10,"minecraft:polished_diorite":1,"minecraft:blue_terracotta":2,"terramity:overclocked_microwave":1,"undead_revamp2:arapholia":1,"collectorsalbum:rare_card_package":1,"minecraft:rotten_flesh":13,"collectorsalbum:uncommon_netherite_boots_card":1,"terramity:diamond_ring":1,"minecraft:stone_stairs":4,"minecraft:azure_bluet":1,"minecraft:red_nether_brick_stairs":2,"collectorsalbum:mythical_enchantment_table_card":1,"minecraft:potato":5,"minecraft:hay_block":1,"minecraft:gunpowder":10,"collectorsalbum:uncommon_magma_cube_card":1,"terramity:stone_tiles":2,"minecraft:red_nether_bricks":7,"minecraft:arrow":3,"minecraft:bow":1,"minecraft:wooden_pickaxe":1,"minecraft:beef":2,"magistuarmory:rustedchainmail_boots":1,"minecraft:quartz":1,"collectorsalbum:album":3,"minecraft:purple_carpet":18},"minecraft:picked_up":{"minecraft:black_carpet":2,"minecraft:waxed_oxidized_cut_copper":3,"minecraft:crafting_table":1,"minecraft:azure_bluet":2,"minecraft:purple_wool":3,"minecraft:iron_trapdoor":1,"collectorsalbum:rare_horse_card":1,"minecraft:stone_slab":7,"minecraft:wooden_pickaxe":1,"minecraft:gold_block":1,"minecraft:potion":1,"minecraft:dark_oak_trapdoor":2,"minecraft:string":2,"minecraft:soul_soil":1,"minecraft:polished_deepslate":1,"collectorsalbum:common_netherite_boots_card":1,"minecraft:waxed_cut_copper_slab":3,"minecraft:stone_stairs":8,"minecraft:red_nether_bricks":10,"collectorsalbum:mythical_card_package":3,"minecraft:cyan_carpet":7,"terramity:electronic_scrap":8,"terramity:accursed_soul":19,"minecraft:comparator":1,"minecraft:candle":54,"minecraft:smooth_stone":10,"minecraft:player_head":2,"minecraft:spruce_planks":1,"minecraft:beef":2,"minecraft:rose_bush":1,"minecraft:calcite":17,"minecraft:piston":3,"minecraft:stripped_mangrove_wood":4,"minecraft:stick":2,"minecraft:torch":9,"collectorsalbum:uncommon_card_package":7,"minecraft:diorite":3,"tombstone:grave_dust":18,"minecraft:mangrove_sign":3,"magistuarmory:rustedcrusader_chestplate":1,"minecraft:dark_oak_planks":6,"terramity:overclocked_microwave":1,"minecraft:arrow":15,"collectorsalbum:epic_card_package":5,"terramity:diamond_ring":1,"minecraft:rotten_flesh":63,"terramity:elite_rifle":1,"minecraft:hay_block":1,"minecraft:mutton":5,"minecraft:cobblestone":57,"undead_revamp2:arapholia":2,"minecraft:white_wool":3,"collectorsalbum:common_card_package":13,"minecraft:cooked_beef":3,"minecraft:basalt":1,"magistuarmory:rustedchainmail_boots":1,"minecraft:leather":2,"collectorsalbum:mythical_enchantment_table_card":1,"irons_spellbooks:silver_ring":1,"minecraft:tuff":8,"minecraft:oak_log":3,"undead_revamp2:huntereye":3,"collectorsalbum:album":3,"minecraft:gunpowder":10,"minecraft:white_banner":2,"minecraft:mangrove_slab":3,"minecraft:dirt":66,"tombstone:gift":1,"collectorsalbum:legendary_card_package":2,"minecraft:purple_carpet":18,"minecraft:cooked_mutton":1,"minecraft:bone":50,"minecraft:red_nether_brick_stairs":2,"minecraft:gray_carpet":3,"minecraft:bow":2,"minecraft:wheat_seeds":13,"minecraft:iron_ingot":23,"minecraft:cyan_candle":3,"minecraft:glass_bottle":1,"minecraft:oak_planks":5,"minecraft:dandelion":1,"minecraft:blast_furnace":7,"minecraft:nether_brick_slab":2,"collectorsalbum:rare_card_package":6,"minecraft:mossy_cobblestone":2,"minecraft:bundle":2,"minecraft:blue_terracotta":8,"minecraft:polished_diorite":2,"magistuarmory:rusted_bastardsword":1,"magistuarmory:rustedcrusader_boots":3,"minecraft:painting":1,"minecraft:red_nether_brick_slab":1,"tombstone:magic_scroll":3,"terramity:stone_tiles":1,"terramity:gold_round":117},"minecraft:broken":{"magistuarmory:messer_sword":1,"magistuarmory:rustedbarbute":1,"magistuarmory:rustedchainmail_leggings":1},"minecraft:custom":{"minecraft:interact_with_anvil":1,"minecraft:mob_kills":125,"minecraft:interact_with_crafting_table":2,"minecraft:open_barrel":30,"minecraft:interact_with_campfire":5,"minecraft:damage_dealt_resisted":307,"minecraft:eat_cake_slice":1,"minecraft:leave_game":2,"minecraft:time_since_death":3115,"minecraft:climb_one_cm":1540,"minecraft:sprint_one_cm":84777,"minecraft:walk_one_cm":383998,"minecraft:damage_blocked_by_shield":158,"minecraft:drop":81,"minecraft:play_time":136577,"minecraft:sneak_time":12660,"minecraft:deaths":14,"minecraft:interact_with_lectern":1,"minecraft:jump":651,"minecraft:interact_with_blast_furnace":1,"minecraft:total_world_time":136577,"tombstone:raider_killed":4,"minecraft:traded_with_villager":17,"minecraft:tune_noteblock":4,"minecraft:interact_with_loom":1,"minecraft:sleep_in_bed":1,"minecraft:time_since_rest":2851,"minecraft:damage_taken":6602,"minecraft:damage_dealt":14437,"minecraft:fly_one_cm":70964,"minecraft:open_chest":23,"minecraft:crouch_one_cm":19388,"tombstone:undead_killed":87,"minecraft:fall_one_cm":27186},"minecraft:crafted":{"minecraft:oak_planks":12,"minecraft:stone_pickaxe":1,"minecraft:emerald":32,"minecraft:crafting_table":1,"minecraft:spruce_planks":4,"minecraft:wooden_pickaxe":1,"irons_spellbooks:furled_map":1,"minecraft:air":0,"minecraft:stick":8},"minecraft:killed":{"undead_revamp2:thehunter":5,"minecraft:vindicator":2,"minecraft:skeleton":10,"undead_revamp2:sucker":1,"minecraft:husk":55,"undead_revamp2:the_moonflower":1,"terramity:elite_skeleton":9,"minecraft:frog":4,"minecraft:creeper":11,"minecraft:sheep":3,"minecraft:pillager":2,"terramity:simple_turret":8,"minecraft:zombie":6,"minecraft:cow":2},"minecraft:killed_by":{"minecraft:husk":3,"terramity:elite_skeleton":5,"undead_revamp2:the_moonflower":1,"terramity:simple_turret":1,"undead_revamp2:thehunter":1,"minecraft:vindicator":1,"minecraft:zombie":2},"minecraft:mined":{"minecraft:dark_oak_planks":8,"minecraft:red_nether_brick_slab":1,"minecraft:waxed_cut_copper_slab":3,"minecraft:tuff":8,"minecraft:spruce_planks":1,"minecraft:mossy_cobblestone":2,"minecraft:candle":16,"minecraft:red_nether_bricks":11,"minecraft:grass_block":1,"minecraft:soul_campfire":1,"minecraft:polished_diorite":2,"terramity:stone_tiles":1,"minecraft:spawner":6,"minecraft:hay_block":1,"minecraft:smooth_stone":13,"minecraft:black_stained_glass_pane":8,"minecraft:waxed_oxidized_cut_copper":4,"minecraft:dark_oak_trapdoor":2,"minecraft:red_nether_brick_stairs":1,"minecraft:suspicious_sand":1,"minecraft:black_carpet":3,"minecraft:gold_block":1,"minecraft:polished_deepslate":1,"minecraft:purple_carpet":2,"minecraft:stripped_mangrove_wood":10,"minecraft:stone":43,"minecraft:player_head":1,"minecraft:basalt":1,"minecraft:torch":3,"minecraft:blast_furnace":7,"minecraft:calcite":33,"minecraft:rose_bush":1,"minecraft:andesite_slab":2,"minecraft:nether_brick_slab":3,"minecraft:stone_slab":10,"minecraft:tall_grass":16,"minecraft:cobblestone":18,"minecraft:diorite":7,"minecraft:wall_torch":3,"minecraft:purple_wool":3,"minecraft:stone_stairs":8,"minecraft:blue_terracotta":8,"minecraft:white_wall_banner":2,"minecraft:grass":16,"minecraft:mangrove_slab":3,"minecraft:oak_log":4,"minecraft:cyan_carpet":7,"minecraft:dirt":14,"minecraft:gray_carpet":3,"minecraft:stone_bricks":2,"minecraft:cyan_candle":1,"minecraft:piston":3,"minecraft:iron_trapdoor":1,"minecraft:oak_leaves":3},"minecraft:used":{"minecraft:stone_sword":25,"minecraft:polished_deepslate":1,"magistuarmory:corruptedroundshield":2,"minecraft:blue_terracotta":5,"magistuarmory:rusted_heavymace":10,"minecraft:black_carpet":2,"minecraft:spruce_planks":5,"minecraft:torch":23,"minecraft:dirt":62,"magistuarmory:stone_heatershield":5,"minecraft:carrot":2,"minecraft:stone_stairs":5,"minecraft:tuff":8,"minecraft:polished_diorite":1,"magistuarmory:messer_sword":274,"minecraft:dark_oak_planks":6,"minecraft:iron_axe":1,"terramity:stone_tiles":1,"minecraft:waxed_cut_copper_slab":3,"minecraft:soul_soil":1,"minecraft:mangrove_slab":1,"magistuarmory:rusted_bastardsword":134,"tombstone:gift":4,"minecraft:calcite":12,"minecraft:cooked_mutton":1,"minecraft:diorite":2,"minecraft:gray_carpet":2,"minecraft:stone_pickaxe":64,"minecraft:baked_potato":35,"minecraft:red_nether_bricks":2,"minecraft:waxed_oxidized_cut_copper":3,"minecraft:wooden_pickaxe":8,"minecraft:white_wool":3,"minecraft:stripped_mangrove_wood":2,"minecraft:mossy_cobblestone":1,"minecraft:crafting_table":1,"minecraft:mangrove_sign":2,"minecraft:cake":1,"minecraft:apple":2,"minecraft:bread":6,"minecraft:iron_pickaxe":187,"tombstone:magic_scroll":3,"minecraft:stone_slab":6,"tombstone:grave_key":9,"minecraft:potion":1,"travelersbackpack:standard":15,"minecraft:cobblestone":33,"minecraft:white_banner":1,"minecraft:pumpkin_pie":3,"alexsmobs:animal_dictionary":4,"minecraft:candle":2,"minecraft:smooth_stone":10}},"DataVersion":3465}