{"stats":{"minecraft:dropped":{"collectorsalbum:epic_card_package":1,"minecraft:candle":19,"minecraft:wheat_seeds":14,"collectorsalbum:common_golden_shovel_card":1,"collectorsalbum:uncommon_netherite_hoe_card":1,"minecraft:mossy_cobblestone":1,"minecraft:glass_bottle":1,"minecraft:crafting_table":1,"minecraft:red_nether_brick_slab":1,"collectorsalbum:common_netherite_boots_card":2,"magistuarmory:rustedcrusader_chestplate":1,"collectorsalbum:rare_netherite_pickaxe_card":1,"minecraft:cobblestone":22,"minecraft:leather":2,"minecraft:purple_dye":1,"travelersbackpack:standard":1,"collectorsalbum:rare_sweet_berries_card":1,"minecraft:mushroom_stew":3,"minecraft:stick":4,"magistuarmory:rustedcrusader_boots":3,"irons_spellbooks:scroll":1,"irons_spellbooks:silver_ring":1,"magistuarmory:rusted_bastardsword":1,"tombstone:grave_dust":1,"minecraft:oak_stairs":2,"collectorsalbum:rare_horse_card":2,"minecraft:white_banner":1,"minecraft:purple_wool":4,"collectorsalbum:uncommon_netherite_helmet_card":1,"minecraft:cyan_carpet":1,"minecraft:dandelion":1,"minecraft:bone":10,"minecraft:polished_diorite":1,"minecraft:blue_terracotta":2,"minecraft:soul_soil":1,"terramity:overclocked_microwave":1,"collectorsalbum:uncommon_shield_card":1,"minecraft:bowl":1,"minecraft:raw_iron":5,"minecraft:oak_planks":3,"undead_revamp2:arapholia":1,"collectorsalbum:rare_card_package":1,"minecraft:rotten_flesh":26,"collectorsalbum:uncommon_netherite_boots_card":1,"terramity:diamond_ring":1,"minecraft:stone_stairs":4,"minecraft:azure_bluet":1,"collectorsalbum:mythical_enchantment_table_card":1,"minecraft:red_nether_brick_stairs":2,"minecraft:potato":5,"minecraft:hay_block":2,"minecraft:gunpowder":10,"collectorsalbum:uncommon_magma_cube_card":1,"terramity:stone_tiles":2,"minecraft:iron_bars":3,"minecraft:slime_ball":6,"minecraft:red_nether_bricks":7,"minecraft:bow":1,"minecraft:arrow":3,"minecraft:beef":2,"minecraft:wooden_pickaxe":1,"magistuarmory:rustedchainmail_boots":1,"minecraft:quartz":1,"collectorsalbum:album":3,"minecraft:purple_carpet":18},"minecraft:picked_up":{"minecraft:mud_brick_slab":1,"minecraft:birch_door":1,"minecraft:waxed_oxidized_cut_copper":3,"minecraft:crafting_table":2,"minecraft:black_carpet":2,"minecraft:azure_bluet":2,"minecraft:purple_wool":6,"minecraft:iron_trapdoor":1,"minecraft:stone_slab":7,"collectorsalbum:rare_horse_card":1,"minecraft:wooden_pickaxe":1,"minecraft:oak_stairs":2,"minecraft:gold_block":9,"minecraft:potion":1,"minecraft:waxed_cut_copper_slab":4,"minecraft:polished_deepslate":1,"minecraft:string":2,"collectorsalbum:common_netherite_boots_card":1,"minecraft:dark_oak_trapdoor":2,"minecraft:stone_stairs":8,"minecraft:soul_soil":2,"collectorsalbum:mythical_card_package":3,"minecraft:red_nether_bricks":13,"minecraft:cyan_carpet":7,"terramity:electronic_scrap":8,"terramity:accursed_soul":28,"minecraft:redstone_torch":4,"minecraft:candle":54,"minecraft:smooth_stone":10,"minecraft:comparator":1,"minecraft:spruce_planks":6,"minecraft:beef":2,"minecraft:rose_bush":1,"minecraft:player_head":3,"minecraft:calcite":17,"minecraft:piston":3,"minecraft:stick":2,"minecraft:raw_iron":5,"minecraft:stripped_mangrove_wood":7,"minecraft:torch":16,"collectorsalbum:uncommon_card_package":8,"minecraft:diorite":3,"tombstone:grave_dust":23,"minecraft:mangrove_sign":3,"magistuarmory:rustedcrusader_chestplate":1,"minecraft:dark_oak_planks":7,"terramity:overclocked_microwave":1,"collectorsalbum:epic_card_package":5,"minecraft:arrow":18,"minecraft:mangrove_stairs":1,"terramity:diamond_ring":1,"minecraft:rotten_flesh":81,"terramity:elite_rifle":1,"minecraft:hay_block":2,"minecraft:iron_bars":3,"minecraft:mutton":5,"collectorsalbum:common_card_package":15,"undead_revamp2:arapholia":2,"minecraft:white_wool":3,"minecraft:cobblestone":82,"minecraft:cooked_beef":3,"minecraft:basalt":1,"magistuarmory:rustedchainmail_boots":1,"minecraft:andesite":1,"minecraft:leather":2,"collectorsalbum:mythical_enchantment_table_card":1,"irons_spellbooks:silver_ring":1,"minecraft:tuff":8,"minecraft:oak_log":6,"undead_revamp2:huntereye":3,"collectorsalbum:album":3,"minecraft:gunpowder":10,"minecraft:mangrove_slab":3,"minecraft:dirt":66,"minecraft:white_banner":4,"tombstone:gift":1,"minecraft:purple_carpet":18,"collectorsalbum:legendary_card_package":2,"minecraft:cooked_mutton":1,"minecraft:bone":58,"minecraft:red_nether_brick_stairs":2,"minecraft:gray_carpet":3,"minecraft:bow":2,"minecraft:wheat_seeds":16,"minecraft:iron_ingot":23,"minecraft:cyan_candle":3,"minecraft:glass_bottle":1,"minecraft:oak_planks":6,"minecraft:dark_oak_stairs":1,"terramity:spring":1,"minecraft:dandelion":1,"collectorsalbum:uncommon_shield_card":1,"minecraft:white_bed":1,"minecraft:red_banner":1,"minecraft:blast_furnace":7,"minecraft:nether_brick_slab":2,"collectorsalbum:rare_card_package":7,"undead_revamp2:acidsack":1,"minecraft:mossy_cobblestone":2,"minecraft:bundle":3,"waystones:waystone":2,"minecraft:blue_terracotta":9,"minecraft:slime_ball":6,"minecraft:polished_diorite":2,"magistuarmory:rusted_bastardsword":1,"magistuarmory:rustedcrusader_boots":3,"minecraft:painting":1,"minecraft:red_nether_brick_slab":1,"tombstone:magic_scroll":3,"terramity:stone_tiles":1,"terramity:gold_round":117},"minecraft:broken":{"minecraft:stone_sword":1,"minecraft:iron_boots":1,"minecraft:iron_pickaxe":1,"magistuarmory:messer_sword":1,"magistuarmory:rustedbarbute":1,"magistuarmory:rustedchainmail_leggings":1},"minecraft:custom":{"minecraft:interact_with_anvil":1,"minecraft:mob_kills":149,"minecraft:interact_with_crafting_table":3,"minecraft:open_barrel":38,"minecraft:interact_with_campfire":5,"minecraft:damage_dealt_resisted":307,"minecraft:leave_game":3,"minecraft:eat_cake_slice":1,"minecraft:time_since_death":11926,"minecraft:climb_one_cm":2594,"minecraft:sprint_one_cm":277291,"minecraft:walk_one_cm":610488,"minecraft:damage_blocked_by_shield":438,"minecraft:drop":103,"minecraft:play_time":208196,"minecraft:sneak_time":15876,"minecraft:deaths":19,"minecraft:interact_with_lectern":1,"minecraft:jump":1812,"minecraft:interact_with_blast_furnace":1,"minecraft:walk_on_water_one_cm":61,"minecraft:total_world_time":208196,"tombstone:raider_killed":4,"minecraft:traded_with_villager":17,"minecraft:tune_noteblock":4,"minecraft:interact_with_loom":1,"minecraft:sleep_in_bed":3,"minecraft:time_since_rest":10922,"minecraft:waystone_activated":2,"minecraft:damage_taken":9343,"tombstone:sneak_grave":1,"minecraft:damage_dealt":21989,"minecraft:fly_one_cm":266063,"minecraft:open_chest":42,"minecraft:crouch_one_cm":24103,"tombstone:undead_killed":107,"minecraft:fall_one_cm":61203},"minecraft:crafted":{"minecraft:oak_planks":20,"minecraft:stone_pickaxe":2,"minecraft:emerald":32,"minecraft:crafting_table":2,"minecraft:spruce_planks":4,"minecraft:wooden_pickaxe":1,"irons_spellbooks:furled_map":1,"minecraft:air":0,"minecraft:stick":12},"minecraft:killed":{"undead_revamp2:thehunter":7,"alexsmobs:raccoon":1,"minecraft:spider":1,"minecraft:vindicator":2,"undead_revamp2:theswarmer":1,"minecraft:skeleton":14,"undead_revamp2:thebidy":1,"undead_revamp2:sucker":1,"minecraft:husk":55,"undead_revamp2:the_moonflower":2,"terramity:elite_skeleton":9,"minecraft:frog":4,"minecraft:creeper":11,"minecraft:sheep":3,"minecraft:pillager":2,"terramity:simple_turret":8,"minecraft:zombie":17,"minecraft:cow":2},"minecraft:killed_by":{"minecraft:husk":3,"terramity:elite_skeleton":5,"undead_revamp2:the_moonflower":1,"terramity:simple_turret":1,"alexsmobs:tiger":1,"undead_revamp2:thehunter":1,"minecraft:vindicator":1,"minecraft:zombie":2,"minecraft:vex":1},"minecraft:mined":{"minecraft:dark_oak_planks":9,"minecraft:red_nether_brick_slab":1,"minecraft:waxed_cut_copper_slab":4,"minecraft:tuff":8,"minecraft:spruce_planks":6,"minecraft:mossy_cobblestone":2,"minecraft:candle":16,"minecraft:red_nether_bricks":14,"minecraft:grass_block":2,"minecraft:soul_soil":1,"minecraft:soul_campfire":1,"minecraft:polished_diorite":2,"terramity:stone_tiles":1,"minecraft:spawner":6,"minecraft:hay_block":2,"minecraft:smooth_stone":13,"minecraft:black_stained_glass_pane":8,"minecraft:waxed_oxidized_cut_copper":4,"minecraft:dark_oak_trapdoor":2,"minecraft:red_nether_brick_stairs":1,"minecraft:iron_ore":5,"minecraft:suspicious_sand":1,"minecraft:andesite":1,"minecraft:black_carpet":3,"minecraft:gold_block":9,"minecraft:polished_deepslate":1,"minecraft:oak_stairs":1,"minecraft:iron_bars":3,"minecraft:purple_carpet":2,"minecraft:stripped_mangrove_wood":13,"minecraft:stone":63,"minecraft:player_head":2,"minecraft:mangrove_stairs":1,"minecraft:basalt":1,"minecraft:red_banner":1,"minecraft:crafting_table":1,"minecraft:torch":6,"minecraft:blast_furnace":7,"minecraft:calcite":33,"minecraft:rose_bush":1,"minecraft:andesite_slab":2,"minecraft:nether_brick_slab":3,"minecraft:stone_slab":10,"minecraft:tall_grass":18,"minecraft:cobblestone":23,"minecraft:oak_planks":1,"minecraft:diorite":7,"minecraft:wall_torch":7,"minecraft:stone_stairs":8,"minecraft:purple_wool":6,"minecraft:blue_terracotta":9,"minecraft:birch_door":1,"minecraft:white_wall_banner":3,"minecraft:grass":26,"minecraft:mangrove_slab":3,"minecraft:oak_log":7,"minecraft:cyan_carpet":7,"minecraft:dirt":14,"minecraft:gray_carpet":3,"structure_gel:dynamic_spawner":3,"minecraft:white_bed":1,"minecraft:stone_bricks":2,"minecraft:piston":3,"minecraft:oak_leaves":3,"minecraft:iron_trapdoor":1,"minecraft:cyan_candle":1},"minecraft:used":{"minecraft:stone_sword":228,"minecraft:polished_deepslate":1,"minecraft:black_carpet":2,"minecraft:spruce_planks":10,"minecraft:player_head":1,"minecraft:torch":36,"minecraft:dirt":62,"minecraft:stone_stairs":5,"magistuarmory:stone_heatershield":14,"minecraft:carrot":9,"minecraft:tuff":8,"minecraft:dark_oak_planks":7,"minecraft:polished_diorite":1,"minecraft:birch_door":1,"magistuarmory:messer_sword":274,"minecraft:mangrove_stairs":1,"minecraft:iron_axe":1,"terramity:stone_tiles":1,"minecraft:waxed_cut_copper_slab":3,"minecraft:soul_soil":1,"minecraft:iron_trapdoor":1,"minecraft:mangrove_slab":1,"magistuarmory:rusted_bastardsword":134,"tombstone:gift":5,"minecraft:calcite":12,"minecraft:cooked_mutton":1,"minecraft:diorite":2,"minecraft:stone_pickaxe":68,"minecraft:gray_carpet":2,"minecraft:baked_potato":48,"minecraft:red_nether_bricks":6,"minecraft:waxed_oxidized_cut_copper":3,"minecraft:wooden_pickaxe":8,"minecraft:white_wool":3,"minecraft:stripped_mangrove_wood":5,"minecraft:mossy_cobblestone":1,"minecraft:crafting_table":2,"minecraft:mushroom_stew":1,"minecraft:mangrove_sign":2,"minecraft:cake":1,"minecraft:oak_log":1,"waystones:waystone":1,"minecraft:apple":8,"minecraft:bread":10,"minecraft:iron_pickaxe":257,"tombstone:magic_scroll":3,"tombstone:grave_key":11,"minecraft:stone_slab":6,"minecraft:potion":1,"travelersbackpack:standard":16,"minecraft:cobblestone":55,"minecraft:white_banner":1,"minecraft:andesite":1,"minecraft:pumpkin_pie":10,"alexsmobs:animal_dictionary":4,"minecraft:purple_wool":2,"minecraft:candle":2,"minecraft:smooth_stone":10,"magistuarmory:rusted_heavymace":10,"magistuarmory:corruptedroundshield":2,"minecraft:blue_terracotta":7}},"DataVersion":3465}