{"stats":{"minecraft:dropped":{"minecraft:candle":19,"minecraft:wheat_seeds":10,"collectorsalbum:common_golden_shovel_card":1,"collectorsalbum:uncommon_netherite_hoe_card":1,"minecraft:mossy_cobblestone":1,"minecraft:glass_bottle":1,"minecraft:crafting_table":1,"collectorsalbum:common_netherite_boots_card":2,"magistuarmory:rustedcrusader_chestplate":1,"collectorsalbum:rare_netherite_pickaxe_card":1,"minecraft:cobblestone":22,"minecraft:leather":2,"minecraft:purple_dye":1,"travelersbackpack:standard":1,"collectorsalbum:rare_sweet_berries_card":1,"minecraft:stick":4,"magistuarmory:rustedcrusader_boots":3,"irons_spellbooks:scroll":1,"irons_spellbooks:silver_ring":1,"magistuarmory:rusted_bastardsword":1,"tombstone:grave_dust":1,"collectorsalbum:rare_horse_card":2,"minecraft:purple_wool":3,"collectorsalbum:uncommon_netherite_helmet_card":1,"minecraft:dandelion":1,"minecraft:bone":10,"minecraft:polished_diorite":1,"minecraft:blue_terracotta":2,"terramity:overclocked_microwave":1,"undead_revamp2:arapholia":1,"collectorsalbum:rare_card_package":1,"minecraft:rotten_flesh":13,"collectorsalbum:uncommon_netherite_boots_card":1,"terramity:diamond_ring":1,"minecraft:stone_stairs":4,"minecraft:azure_bluet":1,"collectorsalbum:mythical_enchantment_table_card":1,"minecraft:potato":5,"minecraft:hay_block":1,"minecraft:gunpowder":10,"collectorsalbum:uncommon_magma_cube_card":1,"terramity:stone_tiles":2,"minecraft:arrow":3,"minecraft:bow":1,"minecraft:wooden_pickaxe":1,"minecraft:beef":2,"magistuarmory:rustedchainmail_boots":1,"minecraft:quartz":1,"collectorsalbum:album":3,"minecraft:purple_carpet":18},"minecraft:picked_up":{"minecraft:crafting_table":1,"minecraft:azure_bluet":2,"minecraft:purple_wool":3,"collectorsalbum:rare_horse_card":1,"minecraft:stone_slab":7,"minecraft:wooden_pickaxe":1,"minecraft:potion":1,"collectorsalbum:common_netherite_boots_card":1,"minecraft:stone_stairs":8,"collectorsalbum:mythical_card_package":1,"terramity:electronic_scrap":8,"terramity:accursed_soul":15,"minecraft:candle":54,"minecraft:smooth_stone":10,"minecraft:spruce_planks":1,"minecraft:beef":2,"minecraft:stick":2,"minecraft:torch":5,"collectorsalbum:uncommon_card_package":5,"tombstone:grave_dust":6,"magistuarmory:rustedcrusader_chestplate":1,"terramity:overclocked_microwave":1,"minecraft:arrow":11,"collectorsalbum:epic_card_package":3,"terramity:diamond_ring":1,"minecraft:rotten_flesh":17,"terramity:elite_rifle":1,"minecraft:hay_block":1,"minecraft:mutton":5,"minecraft:cobblestone":57,"undead_revamp2:arapholia":1,"minecraft:white_wool":3,"collectorsalbum:common_card_package":8,"minecraft:cooked_beef":3,"minecraft:basalt":1,"magistuarmory:rustedchainmail_boots":1,"minecraft:leather":2,"collectorsalbum:mythical_enchantment_table_card":1,"irons_spellbooks:silver_ring":1,"minecraft:tuff":8,"minecraft:oak_log":3,"undead_revamp2:huntereye":3,"collectorsalbum:album":3,"minecraft:gunpowder":10,"minecraft:dirt":66,"tombstone:gift":1,"collectorsalbum:legendary_card_package":2,"minecraft:purple_carpet":18,"minecraft:cooked_mutton":1,"minecraft:bone":42,"minecraft:gray_carpet":1,"minecraft:bow":1,"minecraft:wheat_seeds":12,"minecraft:iron_ingot":22,"minecraft:glass_bottle":1,"minecraft:oak_planks":5,"minecraft:dandelion":1,"collectorsalbum:rare_card_package":5,"minecraft:mossy_cobblestone":2,"minecraft:blue_terracotta":7,"minecraft:polished_diorite":2,"magistuarmory:rusted_bastardsword":1,"magistuarmory:rustedcrusader_boots":3,"minecraft:painting":1,"tombstone:magic_scroll":2,"terramity:stone_tiles":1,"terramity:gold_round":79},"minecraft:broken":{"magistuarmory:rustedbarbute":1,"magistuarmory:rustedchainmail_leggings":1},"minecraft:custom":{"minecraft:mob_kills":67,"minecraft:interact_with_crafting_table":2,"minecraft:open_barrel":28,"minecraft:interact_with_campfire":5,"minecraft:damage_dealt_resisted":307,"minecraft:eat_cake_slice":1,"minecraft:leave_game":2,"minecraft:time_since_death":3240,"minecraft:climb_one_cm":1050,"minecraft:sprint_one_cm":81742,"minecraft:walk_one_cm":298425,"minecraft:damage_blocked_by_shield":158,"minecraft:drop":75,"minecraft:play_time":112577,"minecraft:sneak_time":8378,"minecraft:deaths":12,"minecraft:jump":546,"minecraft:total_world_time":112577,"tombstone:raider_killed":4,"minecraft:traded_with_villager":17,"minecraft:time_since_rest":2901,"minecraft:damage_taken":5349,"minecraft:damage_dealt":6895,"minecraft:fly_one_cm":63805,"minecraft:open_chest":22,"minecraft:crouch_one_cm":11890,"tombstone:undead_killed":33,"minecraft:fall_one_cm":23507},"minecraft:crafted":{"minecraft:oak_planks":12,"minecraft:stone_pickaxe":1,"minecraft:emerald":32,"minecraft:crafting_table":1,"minecraft:spruce_planks":4,"minecraft:wooden_pickaxe":1,"irons_spellbooks:furled_map":1,"minecraft:air":0,"minecraft:stick":8},"minecraft:killed":{"undead_revamp2:thehunter":4,"minecraft:vindicator":2,"minecraft:skeleton":5,"undead_revamp2:sucker":1,"minecraft:husk":8,"terramity:elite_skeleton":9,"minecraft:creeper":11,"minecraft:sheep":3,"minecraft:pillager":2,"terramity:simple_turret":8,"minecraft:zombie":6,"minecraft:cow":2},"minecraft:killed_by":{"minecraft:husk":1,"terramity:elite_skeleton":5,"undead_revamp2:the_moonflower":1,"terramity:simple_turret":1,"undead_revamp2:thehunter":1,"minecraft:vindicator":1,"minecraft:zombie":2},"minecraft:mined":{"minecraft:tuff":8,"minecraft:spruce_planks":1,"minecraft:mossy_cobblestone":2,"minecraft:candle":16,"minecraft:grass_block":1,"minecraft:polished_diorite":2,"terramity:stone_tiles":1,"minecraft:spawner":4,"minecraft:hay_block":1,"minecraft:smooth_stone":13,"minecraft:black_stained_glass_pane":8,"minecraft:suspicious_sand":1,"minecraft:purple_carpet":2,"minecraft:stone":43,"minecraft:basalt":1,"minecraft:torch":1,"minecraft:andesite_slab":2,"minecraft:stone_slab":10,"minecraft:tall_grass":16,"minecraft:cobblestone":18,"minecraft:wall_torch":3,"minecraft:purple_wool":3,"minecraft:stone_stairs":8,"minecraft:blue_terracotta":7,"minecraft:grass":16,"minecraft:oak_log":4,"minecraft:dirt":14,"minecraft:gray_carpet":1,"minecraft:stone_bricks":2,"minecraft:oak_leaves":3},"minecraft:used":{"magistuarmory:corruptedroundshield":2,"magistuarmory:rusted_heavymace":10,"minecraft:spruce_planks":4,"minecraft:torch":15,"minecraft:dirt":62,"magistuarmory:stone_heatershield":5,"minecraft:stone_stairs":5,"minecraft:tuff":8,"minecraft:polished_diorite":1,"magistuarmory:messer_sword":44,"minecraft:iron_axe":1,"terramity:stone_tiles":1,"magistuarmory:rusted_bastardsword":134,"tombstone:gift":4,"minecraft:cooked_mutton":1,"minecraft:stone_pickaxe":64,"minecraft:baked_potato":28,"minecraft:wooden_pickaxe":8,"minecraft:white_wool":3,"minecraft:mossy_cobblestone":1,"minecraft:crafting_table":1,"minecraft:cake":1,"minecraft:bread":5,"minecraft:iron_pickaxe":90,"tombstone:magic_scroll":2,"minecraft:stone_slab":6,"tombstone:grave_key":9,"minecraft:potion":1,"travelersbackpack:standard":13,"minecraft:cobblestone":33,"minecraft:pumpkin_pie":3,"alexsmobs:animal_dictionary":4,"minecraft:candle":2,"minecraft:smooth_stone":10}},"DataVersion":3465}