{"stats":{"minecraft:dropped":{"minecraft:iron_sword":1,"collectorsalbum:uncommon_netherite_chestplate_card":1,"minecraft:candle":19,"collectorsalbum:common_golden_shovel_card":2,"minecraft:baked_potato":3,"minecraft:glass_bottle":1,"minecraft:crafting_table":1,"collectorsalbum:common_netherite_boots_card":2,"magistuarmory:rustedcrusader_chestplate":1,"minecraft:red_nether_brick_slab":1,"minecraft:leather":5,"collectorsalbum:common_golden_horse_armor_card":1,"collectorsalbum:common_piglin_brute_card":2,"travelersbackpack:standard":1,"collectorsalbum:rare_sweet_berries_card":1,"collectorsalbum:uncommon_piglin_brute_card":1,"minecraft:dirt":90,"twilightforest:sorting_sapling":1,"irons_spellbooks:silver_ring":1,"collectorsalbum:epic_diamond_horse_armor_card":1,"collectorsalbum:rare_heart_of_the_sea_card":1,"magistuarmory:rusted_bastardsword":1,"minecraft:bone_meal":69,"minecraft:writable_book":2,"collectorsalbum:rare_horse_card":2,"collectorsalbum:uncommon_emerald_card":2,"collectorsalbum:uncommon_card_package":5,"minecraft:iron_pickaxe":1,"minecraft:glistering_melon_slice":5,"minecraft:purple_wool":4,"collectorsalbum:common_blaze_card":1,"collectorsalbum:common_spruce_sapling_card":1,"collectorsalbum:uncommon_netherite_helmet_card":1,"minecraft:cyan_carpet":1,"minecraft:bone":12,"irons_spellbooks:blank_rune":1,"terramity:overclocked_microwave":1,"minecraft:cobbled_deepslate":12,"undead_revamp2:arapholia":1,"collectorsalbum:common_leather_horse_armor_card":1,"minecraft:rotten_flesh":34,"minecraft:oak_planks":3,"collectorsalbum:uncommon_netherite_boots_card":1,"terramity:diamond_ring":1,"collectorsalbum:common_diamond_card":1,"collectorsalbum:common_kelp_card":1,"minecraft:stone_stairs":4,"minecraft:azure_bluet":1,"collectorsalbum:rare_bell_card":1,"collectorsalbum:uncommon_nether_star_card":1,"twilightforest:cicada_jar":1,"minecraft:chainmail_chestplate":1,"collectorsalbum:common_bell_card":1,"collectorsalbum:common_azure_bluet_card":2,"minecraft:gunpowder":10,"terramity:stone_tiles":2,"collectorsalbum:common_golden_helmet_card":1,"minecraft:painting":8,"minecraft:red_nether_bricks":7,"minecraft:iron_bars":4,"minecraft:arrow":6,"minecraft:beef":4,"collectorsalbum:rare_golden_horse_armor_card":1,"collectorsalbum:common_oak_sapling_card":1,"magistuarmory:rustedchainmail_boots":1,"minecraft:quartz":1,"minecraft:written_book":1,"minecraft:purple_carpet":25,"collectorsalbum:album":3,"minecraft:bread":1,"collectorsalbum:common_wooden_pickaxe_card":1,"collectorsalbum:epic_card_package":2,"collectorsalbum:uncommon_oak_sapling_card":1,"minecraft:wheat_seeds":34,"collectorsalbum:uncommon_netherite_hoe_card":1,"minecraft:mossy_cobblestone":1,"minecraft:dripstone_block":7,"collectorsalbum:rare_netherite_pickaxe_card":1,"minecraft:oak_fence":1,"minecraft:feather":6,"minecraft:cobblestone":68,"terramity:cardboard_necklace":1,"minecraft:purple_dye":1,"collectorsalbum:rare_iron_axe_card":1,"minecraft:mushroom_stew":3,"minecraft:stick":4,"magistuarmory:rustedcrusader_boots":3,"irons_spellbooks:scroll":1,"tombstone:grave_dust":1,"minecraft:iron_leggings":2,"minecraft:oak_stairs":3,"minecraft:white_banner":1,"minecraft:iron_axe":1,"minecraft:paper":6,"minecraft:string":11,"minecraft:pink_petals":4,"minecraft:dandelion":2,"collectorsalbum:common_magma_cube_card":1,"minecraft:polished_diorite":1,"minecraft:blue_terracotta":2,"collectorsalbum:mythical_card_package":1,"collectorsalbum:common_sheep_card":1,"minecraft:soul_soil":1,"minecraft:coarse_dirt":9,"minecraft:raw_copper":4,"minecraft:bowl":1,"collectorsalbum:rare_wheat_card":1,"collectorsalbum:uncommon_bee_card":1,"magistuarmory:stone_heatershield":1,"minecraft:raw_iron":6,"collectorsalbum:rare_card_package":2,"collectorsalbum:uncommon_shield_card":1,"collectorsalbum:common_oxeye_daisy_card":1,"collectorsalbum:mythical_enchantment_table_card":1,"minecraft:red_nether_brick_stairs":2,"minecraft:filled_map":1,"minecraft:potato":5,"minecraft:hay_block":2,"minecraft:iron_chestplate":2,"collectorsalbum:uncommon_magma_cube_card":1,"collectorsalbum:common_nether_wart_card":1,"collectorsalbum:uncommon_stone_axe_card":1,"minecraft:redstone_torch":4,"minecraft:stone_bricks":3,"minecraft:slime_ball":6,"minecraft:bow":1,"minecraft:stone_pickaxe":1,"minecraft:wooden_pickaxe":1,"terramity:spring":1},"minecraft:picked_up":{"twilightforest:cicada_jar":1,"minecraft:birch_door":1,"minecraft:wheat":1,"minecraft:black_carpet":2,"minecraft:iron_trapdoor":1,"minecraft:flower_pot":1,"minecraft:stone_slab":7,"collectorsalbum:rare_horse_card":1,"minecraft:oak_stairs":3,"minecraft:potion":1,"minecraft:lapis_block":1,"minecraft:raw_copper":4,"minecraft:polished_deepslate":1,"minecraft:string":14,"collectorsalbum:common_netherite_boots_card":1,"minecraft:dark_oak_trapdoor":2,"minecraft:waxed_cut_copper_slab":4,"minecraft:soul_soil":2,"minecraft:red_nether_bricks":13,"irons_spellbooks:arcane_essence":4,"minecraft:cobbled_deepslate":16,"minecraft:gold_nugget":1,"minecraft:smooth_stone":10,"minecraft:comparator":1,"minecraft:spruce_planks":6,"minecraft:rose_bush":1,"minecraft:redstone_torch":4,"minecraft:written_book":1,"minecraft:calcite":17,"irons_spellbooks:blank_rune":1,"twilightforest:firefly_jar":7,"minecraft:stick":14,"twilightforest:magic_map":1,"minecraft:oak_fence":1,"minecraft:torch":37,"collectorsalbum:uncommon_card_package":12,"tombstone:grave_dust":24,"minecraft:diorite":4,"magistuarmory:rustedcrusader_chestplate":1,"terramity:overclocked_microwave":1,"collectorsalbum:epic_card_package":5,"epicpaladins:cryorium_gem":2,"minecraft:mangrove_stairs":1,"minecraft:rotten_flesh":129,"terramity:elite_rifle":1,"minecraft:iron_bars":4,"undead_revamp2:arapholia":2,"minecraft:cobblestone":252,"minecraft:pink_petals":4,"minecraft:feather":6,"minecraft:cooked_beef":3,"magistuarmory:rustedchainmail_boots":1,"twilightforest:twilight_oak_log":4,"minecraft:andesite":1,"collectorsalbum:mythical_enchantment_table_card":1,"minecraft:tuff":8,"undead_revamp2:huntereye":3,"minecraft:map":1,"minecraft:mangrove_slab":3,"minecraft:dirt":1294,"collectorsalbum:legendary_card_package":2,"minecraft:purple_carpet":25,"minecraft:bone":65,"minecraft:bow":2,"minecraft:wheat_seeds":100,"minecraft:cyan_candle":3,"minecraft:glowstone_dust":95,"collectorsalbum:rare_wheat_card":1,"minecraft:oak_planks":74,"collectorsalbum:common_oxeye_daisy_card":1,"terramity:spring":1,"collectorsalbum:common_golden_helmet_card":1,"minecraft:mossy_cobblestone":2,"undead_revamp2:acidsack":1,"minecraft:bundle":3,"terramity:cardboard_necklace":1,"minecraft:blue_terracotta":9,"waystones:waystone":3,"minecraft:writable_book":2,"soulsweapons:verglas":6,"minecraft:oak_sapling":2,"twilightforest:torchberries":1,"minecraft:diamond_pickaxe":1,"minecraft:mud_brick_slab":1,"minecraft:coarse_dirt":45,"minecraft:waxed_oxidized_cut_copper":3,"minecraft:crafting_table":4,"minecraft:purple_wool":6,"minecraft:azure_bluet":3,"minecraft:wooden_pickaxe":1,"minecraft:gold_block":16,"twilightforest:nagastone":1,"collectorsalbum:rare_bell_card":1,"minecraft:red_bed":4,"minecraft:stone_stairs":8,"collectorsalbum:mythical_card_package":4,"minecraft:cyan_carpet":7,"terramity:electronic_scrap":8,"terramity:accursed_soul":71,"collectorsalbum:rare_iron_axe_card":1,"minecraft:candle":54,"minecraft:beef":4,"minecraft:player_head":3,"twilightforest:naga_scale":8,"minecraft:sugar_cane":3,"minecraft:piston":3,"collectorsalbum:uncommon_bee_card":1,"minecraft:raw_iron":9,"minecraft:stripped_mangrove_wood":7,"minecraft:mangrove_sign":3,"collectorsalbum:uncommon_emerald_card":1,"minecraft:dark_oak_planks":7,"minecraft:arrow":23,"terramity:diamond_ring":1,"minecraft:hay_block":2,"collectorsalbum:common_piglin_brute_card":2,"minecraft:mutton":5,"minecraft:white_wool":3,"collectorsalbum:common_card_package":17,"minecraft:oxeye_daisy":1,"minecraft:basalt":1,"minecraft:leather":3,"irons_spellbooks:silver_ring":1,"minecraft:birch_planks":1,"minecraft:oak_log":495,"collectorsalbum:album":3,"minecraft:gunpowder":10,"minecraft:paper":19,"minecraft:white_banner":4,"tombstone:gift":1,"minecraft:cooked_mutton":1,"minecraft:red_nether_brick_stairs":2,"minecraft:stone_bricks":5,"minecraft:gray_carpet":3,"minecraft:iron_ingot":23,"minecraft:glass_bottle":1,"minecraft:iron_sword":1,"collectorsalbum:common_kelp_card":1,"minecraft:dark_oak_stairs":1,"minecraft:book":7,"minecraft:sweet_berries":30,"minecraft:dandelion":5,"minecraft:dripstone_block":14,"minecraft:red_banner":1,"minecraft:blast_furnace":7,"minecraft:white_bed":2,"minecraft:nether_brick_slab":2,"collectorsalbum:uncommon_shield_card":1,"collectorsalbum:rare_card_package":7,"minecraft:spider_eye":4,"collectorsalbum:rare_heart_of_the_sea_card":1,"minecraft:purple_bed":3,"minecraft:slime_ball":6,"minecraft:polished_diorite":2,"magistuarmory:rusted_bastardsword":1,"magistuarmory:rustedcrusader_boots":3,"minecraft:iron_helmet":1,"collectorsalbum:uncommon_netherite_chestplate_card":1,"minecraft:painting":10,"collectorsalbum:common_oak_sapling_card":1,"minecraft:red_nether_brick_slab":1,"tombstone:magic_scroll":5,"terramity:stone_tiles":1,"terramity:gold_round":117,"minecraft:coal":37},"minecraft:broken":{"minecraft:iron_boots":1,"minecraft:golden_leggings":1,"minecraft:iron_sword":1,"minecraft:leather_helmet":2,"minecraft:stone_sword":2,"epicpaladins:cryorium_shovel":1,"minecraft:golden_axe":2,"minecraft:iron_axe":1,"minecraft:iron_pickaxe":1,"minecraft:iron_helmet":1,"magistuarmory:messer_sword":1,"magistuarmory:rustedbarbute":1,"magistuarmory:rustedchainmail_leggings":1},"minecraft:custom":{"minecraft:interact_with_crafting_table":25,"minecraft:open_barrel":42,"minecraft:eat_cake_slice":1,"minecraft:leave_game":8,"minecraft:time_since_death":44068,"minecraft:sprint_one_cm":1259341,"minecraft:damage_blocked_by_shield":703,"minecraft:drop":216,"minecraft:talked_to_villager":3,"minecraft:play_time":553294,"minecraft:deaths":33,"minecraft:jump":4963,"minecraft:walk_on_water_one_cm":49556,"minecraft:traded_with_villager":17,"minecraft:interact_with_loom":1,"minecraft:sleep_in_bed":13,"minecraft:waystone_activated":5,"tombstone:sneak_grave":1,"minecraft:damage_dealt":40702,"minecraft:crouch_one_cm":52753,"tombstone:undead_killed":152,"minecraft:interact_with_anvil":1,"minecraft:mob_kills":240,"minecraft:interact_with_campfire":5,"minecraft:damage_dealt_resisted":343,"minecraft:climb_one_cm":5451,"minecraft:walk_one_cm":1716712,"minecraft:sneak_time":31242,"minecraft:walk_under_water_one_cm":44792,"minecraft:boat_one_cm":95400,"minecraft:interact_with_lectern":1,"minecraft:interact_with_blast_furnace":1,"minecraft:total_world_time":553294,"tombstone:raider_killed":4,"minecraft:tune_noteblock":4,"minecraft:time_since_rest":43829,"minecraft:damage_absorbed":69,"minecraft:damage_taken":18383,"minecraft:trigger_trapped_chest":1,"tombstone:cast_on_ally":0,"minecraft:swim_one_cm":88581,"minecraft:fly_one_cm":1210057,"minecraft:open_chest":72,"minecraft:fall_one_cm":634127},"minecraft:crafted":{"minecraft:oak_planks":1262,"minecraft:chest":1,"minecraft:oak_fence":48,"minecraft:golden_axe":2,"minecraft:emerald":32,"minecraft:crafting_table":3,"minecraft:spruce_planks":4,"minecraft:wooden_pickaxe":1,"irons_spellbooks:furled_map":1,"minecraft:stick":52,"minecraft:iron_pickaxe":1,"minecraft:bone_meal":81,"twilightforest:twilight_oak_planks":16,"minecraft:iron_axe":2,"minecraft:stone_pickaxe":2,"minecraft:iron_sword":2,"minecraft:air":0,"twilightforest:naga_chestplate":1,"minecraft:oak_stairs":8,"minecraft:torch":16,"epicpaladins:cryorium_shovel":1},"minecraft:killed_by":{"terramity:elite_skeleton":5,"undead_revamp2:the_moonflower":1,"minecraft:creeper":1,"twilightforest:death_tome":1,"terramity:simple_turret":1,"minecraft:vindicator":1,"undead_revamp2:bomber":1,"minecraft:zombie":3,"minecraft:vex":2,"minecraft:husk":3,"alexsmobs:tiger":1,"undead_revamp2:thehunter":2},"minecraft:killed":{"undead_revamp2:thewolf":1,"twilightforest:hostile_wolf":2,"minecraft:spider":13,"undead_revamp2:axestrom":3,"twilightforest:lich_minion":1,"undead_revamp2:theswarmer":3,"minecraft:skeleton":20,"irons_spellbooks:summoned_skeleton":2,"minecraft:zombie_villager":2,"undead_revamp2:thebeartamer":1,"irons_spellbooks:necromancer":1,"minecraft:creeper":12,"twilightforest:skeleton_druid":2,"minecraft:sheep":3,"twilightforest:redcap":4,"minecraft:pillager":2,"terramity:simple_turret":8,"minecraft:zombie":38,"minecraft:cow":3,"undead_revamp2:thehunter":7,"irons_spellbooks:summoned_zombie":2,"alexsmobs:raccoon":3,"minecraft:vindicator":2,"twilightforest:naga":1,"twilightforest:swarm_spider":5,"twilightforest:hedge_spider":1,"twilightforest:death_tome":3,"undead_revamp2:thebidy":1,"twilightforest:tiny_bird":5,"undead_revamp2:sucker":2,"minecraft:husk":55,"undead_revamp2:the_moonflower":5,"terramity:elite_skeleton":9,"twilightforest:kobold":2,"minecraft:frog":4,"twilightforest:bighorn_sheep":1},"minecraft:mined":{"minecraft:waxed_cut_copper_slab":4,"minecraft:red_nether_brick_slab":1,"minecraft:spruce_planks":6,"minecraft:white_bed":2,"minecraft:red_nether_bricks":14,"minecraft:granite":20,"minecraft:grass_block":1047,"minecraft:soul_soil":1,"minecraft:polished_diorite":2,"minecraft:oxeye_daisy":1,"minecraft:spawner":15,"minecraft:smooth_stone":13,"minecraft:glowstone":39,"minecraft:dark_oak_trapdoor":2,"minecraft:red_nether_brick_stairs":1,"minecraft:iron_ore":9,"minecraft:cobbled_deepslate":1,"minecraft:black_carpet":3,"minecraft:azure_bluet":2,"minecraft:oak_stairs":2,"minecraft:iron_bars":4,"minecraft:purple_carpet":2,"minecraft:stripped_mangrove_wood":13,"minecraft:player_head":2,"minecraft:red_bed":4,"minecraft:powder_snow":4,"minecraft:torch":21,"twilightforest:torchberry_plant":1,"minecraft:blast_furnace":7,"minecraft:calcite":33,"minecraft:poppy":2,"twilightforest:twilight_oak_log":11,"minecraft:nether_brick_slab":3,"minecraft:glass":13,"minecraft:cobblestone":32,"minecraft:oak_planks":76,"minecraft:sugar_cane":2,"minecraft:potted_oak_sapling":1,"minecraft:wall_torch":14,"minecraft:pink_petals":1,"minecraft:stone_stairs":8,"minecraft:blue_terracotta":9,"minecraft:lapis_block":1,"minecraft:birch_door":1,"minecraft:grass":407,"minecraft:oak_log":484,"minecraft:dirt":640,"structure_gel:dynamic_spawner":5,"minecraft:piston":3,"minecraft:deepslate":14,"minecraft:oak_leaves":29,"minecraft:cyan_candle":1,"soulsweapons:verglas_ore":6,"minecraft:tuff":8,"minecraft:red_carpet":2,"minecraft:mossy_cobblestone":2,"minecraft:candle":16,"minecraft:mangrove_roots":1,"minecraft:soul_campfire":1,"terramity:stone_tiles":1,"minecraft:hay_block":2,"minecraft:black_stained_glass_pane":8,"minecraft:redstone_ore":2,"minecraft:waxed_oxidized_cut_copper":4,"minecraft:suspicious_sand":1,"minecraft:andesite":1,"twilightforest:twilight_oak_leaves":6,"minecraft:gold_block":16,"minecraft:polished_deepslate":1,"minecraft:bookshelf":2,"twilightforest:firefly_jar":7,"minecraft:vine":1,"minecraft:stone":223,"twilightforest:root_strand":5,"minecraft:mangrove_stairs":1,"minecraft:basalt":1,"minecraft:dandelion":7,"minecraft:red_banner":1,"minecraft:oak_fence":3,"minecraft:crafting_table":3,"minecraft:rose_bush":1,"minecraft:andesite_slab":2,"minecraft:stone_slab":10,"minecraft:copper_ore":9,"minecraft:tall_grass":50,"twilightforest:nagastone":1,"twilightforest:mayapple":1,"minecraft:diorite":8,"minecraft:purple_wool":6,"minecraft:purple_bed":4,"minecraft:birch_planks":2,"minecraft:coarse_dirt":66,"minecraft:redstone_torch":1,"minecraft:sweet_berry_bush":6,"minecraft:white_wall_banner":3,"twilightforest:cicada_jar":1,"minecraft:mangrove_slab":3,"minecraft:coal_ore":39,"minecraft:cyan_carpet":7,"minecraft:dripstone_block":11,"minecraft:gray_carpet":3,"minecraft:cobweb":7,"minecraft:stone_bricks":7,"minecraft:iron_trapdoor":1,"minecraft:fern":4,"minecraft:dark_oak_planks":9},"minecraft:used":{"magistuarmory:rusted_heavymace":10,"magistuarmory:corruptedroundshield":2,"minecraft:blue_terracotta":7,"minecraft:writable_book":2,"minecraft:polished_deepslate":1,"minecraft:black_carpet":2,"minecraft:chest":1,"minecraft:iron_sword":399,"minecraft:player_head":1,"minecraft:carrot":9,"twilightforest:hollow_oak_sapling":6,"minecraft:tuff":8,"epicpaladins:arclight_sword":1,"magistuarmory:messer_sword":274,"minecraft:mangrove_stairs":1,"minecraft:grass_block":5,"minecraft:dark_oak_leaves":14,"minecraft:stone_bricks":2,"minecraft:birch_trapdoor":21,"twilightforest:nagastone":1,"minecraft:sweet_berries":40,"minecraft:written_book":1,"minecraft:mangrove_slab":1,"magistuarmory:rusted_bastardsword":134,"epicpaladins:cryorium_shovel":1635,"minecraft:potato":3,"minecraft:diorite":3,"minecraft:stone_pickaxe":146,"minecraft:gray_carpet":2,"minecraft:oak_planks":1199,"minecraft:wooden_pickaxe":8,"minecraft:white_wool":3,"minecraft:stripped_mangrove_wood":5,"minecraft:mushroom_stew":1,"minecraft:crossbow":18,"waystones:waystone":3,"minecraft:melon_slice":4,"minecraft:bread":96,"twilightforest:time_sapling":1,"tombstone:grave_key":14,"minecraft:andesite":1,"minecraft:bone_meal":142,"minecraft:coarse_dirt":23,"minecraft:purple_wool":2,"minecraft:oak_fence":121,"minecraft:stone_sword":251,"minecraft:flint_and_steel":121,"minecraft:spruce_planks":10,"minecraft:torch":89,"minecraft:dirt":547,"magistuarmory:stone_heatershield":20,"minecraft:stone_stairs":5,"minecraft:polished_diorite":1,"minecraft:birch_door":1,"minecraft:dark_oak_planks":7,"terramity:stone_tiles":1,"minecraft:iron_axe":526,"minecraft:oak_stairs":5,"minecraft:bamboo":4,"minecraft:glowstone":28,"minecraft:waxed_cut_copper_slab":3,"minecraft:soul_soil":1,"minecraft:iron_trapdoor":1,"minecraft:white_stained_glass_pane":5,"tombstone:gift":6,"minecraft:cooked_beef":4,"minecraft:cobbled_deepslate":4,"minecraft:golden_axe":64,"minecraft:calcite":12,"minecraft:cooked_mutton":1,"minecraft:birch_planks":1,"minecraft:baked_potato":75,"minecraft:red_nether_bricks":6,"minecraft:waxed_oxidized_cut_copper":3,"twilightforest:twilight_oak_leaves":22,"minecraft:mossy_cobblestone":1,"minecraft:crafting_table":6,"minecraft:red_bed":4,"minecraft:white_bed":2,"minecraft:dark_oak_door":2,"minecraft:mangrove_sign":2,"minecraft:cake":1,"minecraft:oak_log":129,"twilightforest:mining_trapdoor":2,"minecraft:diamond_pickaxe":264,"minecraft:apple":8,"minecraft:iron_pickaxe":291,"minecraft:map":1,"tombstone:magic_scroll":4,"minecraft:stone_slab":6,"minecraft:purple_bed":2,"minecraft:potion":1,"travelersbackpack:standard":23,"minecraft:cobblestone":136,"minecraft:white_banner":2,"minecraft:glass_pane":232,"minecraft:pumpkin_pie":10,"alexsmobs:animal_dictionary":4,"minecraft:dandelion":3,"minecraft:candle":2,"minecraft:smooth_stone":10}},"DataVersion":3465}