{"stats":{"minecraft:mined":{"minecraft:dark_oak_planks":9,"minecraft:red_nether_brick_slab":1,"minecraft:white_bed":2,"minecraft:red_nether_bricks":14,"minecraft:granite":20,"minecraft:oxeye_daisy":4,"minecraft:spawner":15,"minecraft:dark_oak_trapdoor":2,"minecraft:cobbled_deepslate":1,"minecraft:oak_stairs":2,"minecraft:stripped_mangrove_wood":13,"minecraft:player_head":3,"minecraft:red_bed":4,"minecraft:player_wall_head":1,"minecraft:powder_snow":4,"minecraft:torch":27,"minecraft:blast_furnace":14,"minecraft:nether_brick_slab":3,"minecraft:glass":13,"minecraft:potted_oak_sapling":1,"minecraft:sugar_cane":2,"minecraft:wheat":18,"minecraft:birch_door":1,"minecraft:grass":564,"minecraft:piston":3,"minecraft:deepslate":14,"twilightforest:firefly":2,"minecraft:mossy_cobblestone":2,"terramity:stone_tiles":1,"minecraft:black_stained_glass_pane":8,"minecraft:redstone_ore":2,"minecraft:waxed_oxidized_cut_copper":4,"minecraft:suspicious_sand":1,"minecraft:andesite":1,"twilightforest:twilight_oak_leaves":6,"twilightforest:smoker":1,"minecraft:potatoes":145,"minecraft:vine":1,"minecraft:bamboo":33,"minecraft:bamboo_sapling":10,"minecraft:mangrove_stairs":1,"minecraft:glass_pane":12,"minecraft:dandelion":26,"twilightforest:nagastone":1,"minecraft:tall_grass":102,"minecraft:copper_ore":14,"minecraft:diorite":8,"minecraft:purple_wool":6,"minecraft:purple_bed":6,"minecraft:coarse_dirt":89,"minecraft:dripstone_block":11,"minecraft:cobweb":7,"minecraft:stone_bricks":7,"minecraft:iron_trapdoor":1,"twilightforest:twilight_oak_door":2,"minecraft:fern":4,"minecraft:waxed_cut_copper_slab":4,"minecraft:spruce_planks":6,"minecraft:farmland":3,"minecraft:grass_block":1081,"minecraft:soul_soil":1,"minecraft:polished_diorite":2,"minecraft:smooth_stone":13,"minecraft:glowstone":48,"minecraft:red_nether_brick_stairs":1,"minecraft:iron_ore":13,"minecraft:black_carpet":3,"minecraft:azure_bluet":5,"minecraft:iron_bars":4,"minecraft:purple_carpet":2,"twilightforest:torchberry_plant":1,"minecraft:calcite":33,"minecraft:poppy":5,"minecraft:chest":13,"twilightforest:twilight_oak_log":11,"minecraft:cobblestone":40,"minecraft:oak_planks":101,"minecraft:wall_torch":24,"twilightforest:mangrove_chest":1,"minecraft:pink_petals":1,"minecraft:stone_stairs":8,"minecraft:blue_terracotta":9,"minecraft:lapis_block":1,"minecraft:oak_log":484,"minecraft:dirt":739,"structure_gel:dynamic_spawner":5,"minecraft:raw_copper_block":1,"minecraft:oak_leaves":29,"minecraft:cyan_candle":1,"soulsweapons:verglas_ore":6,"minecraft:red_carpet":2,"minecraft:tuff":8,"minecraft:dark_oak_leaves":2,"minecraft:candle":16,"minecraft:mangrove_roots":1,"twilightforest:lich_wall_trophy":1,"minecraft:soul_campfire":1,"minecraft:hay_block":2,"minecraft:carrots":20,"minecraft:gold_block":16,"minecraft:polished_deepslate":1,"minecraft:bookshelf":2,"twilightforest:firefly_jar":15,"minecraft:packed_ice":34,"minecraft:stone":680,"twilightforest:root_strand":5,"minecraft:basalt":1,"minecraft:red_banner":5,"minecraft:oak_fence":9,"minecraft:crafting_table":5,"minecraft:rose_bush":1,"minecraft:andesite_slab":2,"minecraft:stone_slab":10,"twilightforest:mayapple":1,"minecraft:birch_planks":2,"minecraft:redstone_torch":1,"minecraft:sweet_berry_bush":10,"twilightforest:aurora_block":2,"minecraft:white_wall_banner":3,"twilightforest:cicada_jar":1,"minecraft:mangrove_slab":3,"minecraft:coal_ore":81,"minecraft:cyan_carpet":7,"minecraft:gray_carpet":3},"minecraft:used":{"minecraft:beetroot":13,"magistuarmory:corruptedroundshield":2,"minecraft:writable_book":2,"minecraft:black_carpet":2,"minecraft:chest":41,"minecraft:stone":83,"minecraft:snowball":13,"epicpaladins:arclight_sword":194,"magistuarmory:messer_sword":274,"minecraft:mangrove_stairs":1,"minecraft:grass_block":345,"twilightforest:twilight_oak_planks":1,"minecraft:dark_oak_leaves":30,"twilightforest:nagastone":1,"minecraft:bow":17,"minecraft:sweet_berries":50,"minecraft:furnace":6,"minecraft:mangrove_slab":1,"magistuarmory:rusted_bastardsword":134,"minecraft:egg":4,"minecraft:potato":458,"minecraft:diorite":3,"minecraft:wooden_pickaxe":8,"minecraft:oak_leaves":69,"minecraft:golden_apple":1,"minecraft:stripped_mangrove_wood":5,"minecraft:blast_furnace":14,"twilightforest:time_sapling":1,"minecraft:diamond_sword":161,"twilightforest:meef_stroganoff":1,"minecraft:purple_wool":2,"minecraft:stone_sword":251,"minecraft:torch":710,"minecraft:stone_stairs":5,"minecraft:polished_diorite":1,"twilightforest:iron_ladder":13,"minecraft:iron_axe":526,"terramity:stone_tiles":1,"undead_revamp2:huntereye":2,"minecraft:bamboo":369,"minecraft:glowstone":40,"minecraft:iron_trapdoor":1,"tombstone:gift":6,"minecraft:cobbled_deepslate":4,"minecraft:observer":7,"minecraft:golden_axe":64,"minecraft:calcite":12,"minecraft:wheat_seeds":18,"minecraft:water_bucket":6,"minecraft:birch_planks":1,"terramity:accursed_lamp":3,"minecraft:waxed_oxidized_cut_copper":3,"minecraft:mossy_cobblestone":1,"minecraft:crafting_table":10,"minecraft:red_bed":4,"minecraft:white_bed":2,"minecraft:mangrove_sign":2,"minecraft:cake":1,"minecraft:oak_log":138,"twilightforest:mining_trapdoor":2,"minecraft:diamond_pickaxe":264,"epicpaladins:arclight_pickaxe":573,"soulsweapons:holy_greatsword":8,"minecraft:oak_button":4,"minecraft:iron_pickaxe":291,"twilightforest:firefly_jar":15,"tombstone:magic_scroll":4,"minecraft:cobblestone":2776,"minecraft:potion":1,"travelersbackpack:standard":30,"minecraft:purple_bed":5,"minecraft:glass_pane":234,"minecraft:dandelion":4,"minecraft:candle":2,"minecraft:blue_terracotta":7,"magistuarmory:rusted_heavymace":10,"minecraft:iron_shovel":34,"minecraft:polished_deepslate":1,"twilightforest:twilight_oak_door":3,"minecraft:oak_sign":3,"minecraft:iron_sword":399,"minecraft:player_head":4,"minecraft:carrot":37,"twilightforest:hollow_oak_sapling":6,"minecraft:tuff":8,"minecraft:stone_bricks":7,"minecraft:birch_trapdoor":21,"minecraft:repeater":25,"minecraft:written_book":1,"epicpaladins:cryorium_shovel":1635,"twilightforest:canopy_trapdoor":5,"minecraft:gray_carpet":2,"minecraft:stone_pickaxe":146,"minecraft:oak_planks":1413,"minecraft:white_wool":3,"minecraft:mushroom_stew":1,"minecraft:crossbow":18,"epicpaladins:arclight_axe":69,"minecraft:redstone_torch":35,"minecraft:sticky_piston":50,"waystones:waystone":3,"minecraft:bread":96,"minecraft:melon_slice":4,"tombstone:grave_key":18,"minecraft:grindstone":5,"minecraft:andesite":1,"minecraft:coarse_dirt":49,"minecraft:bone_meal":616,"minecraft:oak_fence":298,"minecraft:flint_and_steel":121,"minecraft:redstone":55,"minecraft:spruce_planks":10,"minecraft:dirt":1018,"magistuarmory:stone_heatershield":20,"minecraft:spruce_fence":38,"minecraft:birch_door":1,"minecraft:iron_hoe":198,"minecraft:dark_oak_planks":7,"minecraft:oak_stairs":7,"minecraft:waxed_cut_copper_slab":3,"minecraft:soul_soil":1,"minecraft:white_stained_glass_pane":5,"minecraft:cooked_beef":4,"minecraft:iron_leggings":1,"minecraft:cooked_mutton":1,"twilightforest:lich_trophy":2,"minecraft:cyan_candle":3,"minecraft:baked_potato":96,"minecraft:red_nether_bricks":6,"twilightforest:ice_sword":14,"twilightforest:twilight_oak_leaves":22,"minecraft:painting":23,"minecraft:smoker":7,"minecraft:dark_oak_door":6,"minecraft:piston":13,"minecraft:apple":21,"twilightforest:firefly":2,"waystones:mossy_waystone":2,"minecraft:map":1,"minecraft:stone_slab":6,"minecraft:white_banner":2,"minecraft:red_banner":5,"minecraft:bucket":3,"minecraft:pumpkin_pie":10,"alexsmobs:animal_dictionary":4,"minecraft:smooth_stone":10,"twilightforest:aurora_block":1},"minecraft:killed_by":{"undead_revamp2:the_moonflower":1,"twilightforest:death_tome":1,"terramity:simple_turret":1,"minecraft:vindicator":1,"minecraft:zombie":3,"minecraft:vex":2,"minecraft:husk":3,"spore:busser":1,"alexsmobs:tiger":1,"terramity:elite_skeleton":5,"minecraft:creeper":1,"undead_revamp2:bomber":1,"twilightforest:snow_guardian":1,"spore:inf_wanderer":1,"undead_revamp2:thehunter":3},"minecraft:custom":{"minecraft:interact_with_crafting_table":43,"minecraft:open_barrel":42,"minecraft:eat_cake_slice":1,"minecraft:leave_game":18,"minecraft:time_since_death":1006,"minecraft:damage_blocked_by_shield":703,"minecraft:play_time":926124,"minecraft:deaths":40,"minecraft:jump":7786,"minecraft:interact_with_furnace":4,"minecraft:traded_with_villager":17,"minecraft:sleep_in_bed":18,"minecraft:waystone_activated":9,"tombstone:sneak_grave":1,"minecraft:damage_dealt":57904,"tombstone:undead_killed":187,"minecraft:interact_with_smoker":19,"minecraft:interact_with_anvil":1,"minecraft:sneak_time":46772,"minecraft:interact_with_lectern":1,"minecraft:interact_with_blast_furnace":3,"minecraft:total_world_time":926124,"tombstone:raider_killed":4,"minecraft:tune_noteblock":4,"minecraft:time_since_rest":670,"tombstone:cast_on_ally":0,"minecraft:swim_one_cm":94526,"minecraft:fly_one_cm":3315777,"minecraft:open_chest":141,"minecraft:fall_one_cm":777120,"minecraft:sprint_one_cm":1638451,"minecraft:drop":312,"minecraft:talked_to_villager":3,"minecraft:walk_on_water_one_cm":59683,"minecraft:interact_with_loom":1,"minecraft:crouch_one_cm":83399,"minecraft:mob_kills":354,"minecraft:interact_with_campfire":5,"minecraft:damage_dealt_resisted":467,"minecraft:climb_one_cm":15695,"minecraft:walk_one_cm":3075514,"minecraft:walk_under_water_one_cm":48273,"minecraft:boat_one_cm":169904,"minecraft:interact_with_grindstone":1,"minecraft:damage_taken":22415,"minecraft:damage_absorbed":69,"minecraft:trigger_trapped_chest":1},"minecraft:broken":{"minecraft:iron_boots":1,"minecraft:iron_sword":1,"minecraft:leather_helmet":2,"minecraft:stone_sword":2,"minecraft:iron_axe":1,"minecraft:iron_pickaxe":1,"minecraft:iron_helmet":1,"magistuarmory:rustedbarbute":1,"magistuarmory:rustedchainmail_leggings":1,"minecraft:golden_leggings":1,"epicpaladins:cryorium_shovel":1,"minecraft:golden_axe":2,"magistuarmory:messer_sword":1},"minecraft:dropped":{"minecraft:iron_sword":1,"minecraft:glass_bottle":1,"minecraft:crafting_table":1,"collectorsalbum:common_netherite_boots_card":2,"collectorsalbum:common_golden_horse_armor_card":1,"collectorsalbum:common_piglin_brute_card":2,"collectorsalbum:rare_sweet_berries_card":1,"collectorsalbum:uncommon_piglin_brute_card":1,"minecraft:dirt":90,"new_ores_1_20_1:sapphire_ring":1,"irons_spellbooks:silver_ring":1,"magistuarmory:rusted_bastardsword":1,"minecraft:writable_book":2,"minecraft:bone_meal":70,"collectorsalbum:rare_horse_card":2,"minecraft:purple_wool":4,"minecraft:iron_pickaxe":1,"collectorsalbum:common_blaze_card":1,"collectorsalbum:common_spruce_sapling_card":1,"collectorsalbum:uncommon_netherite_helmet_card":1,"minecraft:cyan_carpet":1,"minecraft:bone":13,"collectorsalbum:epic_diamond_chestplate_card":1,"irons_spellbooks:blank_rune":1,"collectorsalbum:uncommon_leather_helmet_card":1,"minecraft:cobbled_deepslate":12,"minecraft:wheat":1,"undead_revamp2:arapholia":1,"minecraft:rotten_flesh":55,"collectorsalbum:uncommon_netherite_boots_card":1,"minecraft:oak_planks":5,"collectorsalbum:common_leather_horse_armor_card":1,"minecraft:azure_bluet":1,"twilightforest:cicada_jar":1,"collectorsalbum:common_azure_bluet_card":2,"terramity:stone_tiles":2,"minecraft:painting":15,"minecraft:red_nether_bricks":7,"minecraft:beef":4,"collectorsalbum:common_oak_sapling_card":1,"collectorsalbum:common_golden_carrot_card":1,"collectorsalbum:common_brown_mushroom_card":1,"collectorsalbum:common_wooden_pickaxe_card":1,"collectorsalbum:epic_card_package":2,"collectorsalbum:uncommon_oak_sapling_card":1,"minecraft:wheat_seeds":40,"collectorsalbum:uncommon_netherite_hoe_card":1,"minecraft:dripstone_block":7,"collectorsalbum:rare_netherite_pickaxe_card":1,"minecraft:oak_fence":1,"minecraft:feather":6,"minecraft:cobblestone":644,"minecraft:book":11,"terramity:cardboard_necklace":1,"minecraft:purple_dye":1,"collectorsalbum:rare_iron_axe_card":1,"minecraft:mushroom_stew":3,"magistuarmory:rustedcrusader_boots":3,"twilightforest:twilight_oak_planks":1,"minecraft:oak_stairs":3,"minecraft:white_banner":1,"minecraft:paper":6,"minecraft:string":11,"twilightforest:glass_sword":1,"collectorsalbum:common_sheep_card":1,"minecraft:soul_soil":1,"minecraft:bowl":3,"collectorsalbum:uncommon_bee_card":1,"magistuarmory:stone_heatershield":1,"collectorsalbum:rare_card_package":2,"collectorsalbum:uncommon_shield_card":1,"collectorsalbum:common_card_package":2,"minecraft:diamond_sword":1,"minecraft:hay_block":2,"minecraft:potato":5,"minecraft:spruce_boat":1,"twilightforest:arctic_fur":7,"collectorsalbum:common_nether_wart_card":1,"collectorsalbum:uncommon_stone_axe_card":1,"minecraft:redstone_torch":4,"minecraft:stone_bricks":3,"minecraft:bamboo":1367,"minecraft:bow":1,"collectorsalbum:uncommon_netherite_chestplate_card":1,"minecraft:candle":19,"collectorsalbum:common_golden_shovel_card":4,"minecraft:baked_potato":3,"magistuarmory:rustedcrusader_chestplate":1,"minecraft:red_nether_brick_slab":1,"minecraft:leather":5,"travelersbackpack:standard":1,"twilightforest:sorting_sapling":1,"collectorsalbum:epic_diamond_horse_armor_card":1,"collectorsalbum:rare_heart_of_the_sea_card":1,"minecraft:snowball":6,"collectorsalbum:uncommon_emerald_card":2,"collectorsalbum:uncommon_card_package":5,"minecraft:glistering_melon_slice":5,"terramity:overclocked_microwave":1,"collectorsalbum:rare_redstone_card":1,"terramity:diamond_ring":1,"collectorsalbum:common_diamond_card":1,"collectorsalbum:common_kelp_card":1,"minecraft:stone_stairs":4,"soulsweapons:silver_sword":1,"collectorsalbum:rare_bell_card":1,"collectorsalbum:uncommon_nether_star_card":1,"collectorsalbum:uncommon_clock_card":1,"minecraft:chainmail_chestplate":1,"collectorsalbum:rare_magma_cube_card":1,"collectorsalbum:common_bell_card":1,"minecraft:gunpowder":10,"collectorsalbum:common_golden_helmet_card":1,"minecraft:iron_bars":4,"minecraft:arrow":7,"collectorsalbum:rare_golden_horse_armor_card":1,"magistuarmory:rustedchainmail_boots":1,"minecraft:quartz":1,"minecraft:written_book":1,"collectorsalbum:album":3,"minecraft:purple_carpet":25,"minecraft:bread":1,"new_ores_1_20_1:sapphire":8,"minecraft:mossy_cobblestone":1,"minecraft:poisonous_potato":3,"minecraft:stick":4,"collectorsalbum:epic_lapis_lazuli_card":1,"irons_spellbooks:scroll":1,"minecraft:torch":1,"tombstone:grave_dust":1,"minecraft:iron_leggings":2,"minecraft:iron_axe":1,"twilightforest:raven_feather":1,"waystones:mossy_waystone":2,"minecraft:pink_petals":4,"minecraft:dandelion":16,"collectorsalbum:common_magma_cube_card":1,"minecraft:polished_diorite":1,"minecraft:blue_terracotta":2,"collectorsalbum:mythical_card_package":1,"minecraft:coarse_dirt":9,"minecraft:raw_copper":4,"collectorsalbum:rare_wheat_card":1,"collectorsalbum:uncommon_horse_card":1,"minecraft:raw_iron":9,"minecraft:comparator":1,"collectorsalbum:common_oxeye_daisy_card":1,"minecraft:red_nether_brick_stairs":2,"collectorsalbum:mythical_enchantment_table_card":1,"minecraft:filled_map":1,"collectorsalbum:epic_beacon_card":1,"twilightforest:arctic_chestplate":1,"minecraft:iron_chestplate":2,"collectorsalbum:uncommon_magma_cube_card":1,"minecraft:slime_ball":6,"minecraft:stone_pickaxe":1,"minecraft:wooden_pickaxe":1,"terramity:spring":1,"collectorsalbum:common_enderman_card":1},"minecraft:crafted":{"minecraft:golden_axe":2,"minecraft:emerald":32,"minecraft:iron_pickaxe":1,"minecraft:bone_meal":198,"twilightforest:twilight_oak_planks":20,"minecraft:stone_pickaxe":2,"minecraft:glowstone":1,"minecraft:oak_stairs":8,"minecraft:iron_shovel":1,"minecraft:oak_planks":1342,"minecraft:chest":3,"minecraft:oak_fence":66,"minecraft:crafting_table":6,"minecraft:spruce_planks":4,"minecraft:wooden_pickaxe":1,"minecraft:baked_potato":176,"irons_spellbooks:furled_map":1,"minecraft:shield":1,"minecraft:stick":52,"twilightforest:twilight_oak_door":3,"minecraft:furnace":6,"soulsweapons:holy_greatsword":1,"minecraft:iron_axe":2,"minecraft:iron_hoe":1,"minecraft:iron_sword":3,"minecraft:air":0,"twilightforest:naga_chestplate":1,"minecraft:torch":16,"epicpaladins:cryorium_shovel":1},"minecraft:killed":{"twilightforest:hostile_wolf":2,"twilightforest:alpha_yeti":1,"undead_revamp2:axestrom":3,"twilightforest:lich_minion":1,"undead_revamp2:theswarmer":3,"minecraft:skeleton":33,"undead_revamp2:thespitter":1,"twilightforest:unstable_ice_core":1,"minecraft:pillager":2,"minecraft:zombie":53,"minecraft:cow":3,"twilightforest:winter_wolf":1,"undead_revamp2:thehunter":9,"alexsmobs:raccoon":3,"minecraft:vindicator":2,"twilightforest:death_tome":3,"undead_revamp2:thebidy":1,"twilightforest:tiny_bird":5,"twilightforest:snow_guardian":3,"minecraft:husk":55,"undead_revamp2:the_moonflower":6,"terramity:elite_skeleton":9,"twilightforest:kobold":2,"minecraft:frog":4,"twilightforest:bighorn_sheep":1,"undead_revamp2:thewolf":1,"minecraft:spider":13,"undead_revamp2:thesmoker":1,"irons_spellbooks:summoned_skeleton":2,"minecraft:zombie_villager":2,"twilightforest:raven":1,"undead_revamp2:thebeartamer":1,"irons_spellbooks:necromancer":1,"minecraft:creeper":61,"twilightforest:skeleton_druid":2,"minecraft:sheep":3,"twilightforest:redcap":4,"terramity:simple_turret":8,"irons_spellbooks:summoned_zombie":2,"twilightforest:stable_ice_core":7,"twilightforest:naga":1,"twilightforest:swarm_spider":5,"twilightforest:hedge_spider":1,"undead_revamp2:sucker":4,"twilightforest:yeti":15},"minecraft:picked_up":{"twilightforest:lich_trophy":2,"minecraft:iron_chestplate":1,"minecraft:birch_door":1,"minecraft:flower_pot":2,"twilightforest:naga_trophy":2,"minecraft:stone_slab":7,"minecraft:diamond_sword":1,"minecraft:oak_stairs":3,"minecraft:polished_deepslate":1,"minecraft:string":14,"minecraft:dark_oak_trapdoor":2,"minecraft:soul_soil":2,"minecraft:red_nether_bricks":13,"minecraft:gold_nugget":1,"minecraft:cobbled_deepslate":16,"minecraft:spruce_planks":6,"minecraft:written_book":1,"irons_spellbooks:blank_rune":2,"minecraft:dark_oak_door":1,"twilightforest:magic_map":1,"collectorsalbum:uncommon_card_package":16,"magistuarmory:rustedcrusader_chestplate":1,"terramity:overclocked_microwave":1,"terramity:elite_rifle":2,"minecraft:iron_bars":4,"minecraft:snowball":21,"minecraft:cooked_beef":3,"minecraft:feather":6,"magistuarmory:rustedchainmail_boots":1,"twilightforest:aurora_block":1,"minecraft:water_bucket":1,"minecraft:map":1,"minecraft:mangrove_slab":3,"collectorsalbum:legendary_card_package":4,"minecraft:purple_carpet":25,"twilightforest:mangrove_chest":1,"twilightforest:steeleaf_helmet":1,"minecraft:glowstone_dust":143,"collectorsalbum:common_oxeye_daisy_card":1,"terramity:spring":2,"twilightforest:arctic_boots":1,"minecraft:bundle":3,"terramity:cardboard_necklace":1,"minecraft:blue_terracotta":9,"twilightforest:twilight_oak_door":2,"minecraft:writable_book":2,"minecraft:diamond_pickaxe":1,"minecraft:crafting_table":6,"minecraft:coarse_dirt":77,"minecraft:purple_wool":6,"collectorsalbum:rare_bell_card":1,"minecraft:cornflower":3,"minecraft:red_bed":4,"twilightforest:filled_magic_map":1,"minecraft:iron_shovel":1,"terramity:electronic_scrap":8,"minecraft:beef":4,"twilightforest:naga_scale":8,"minecraft:poppy":3,"minecraft:chest":14,"minecraft:piston":3,"minecraft:raw_copper_block":1,"minecraft:egg":4,"collectorsalbum:uncommon_bee_card":1,"minecraft:mangrove_sign":3,"minecraft:carrot":20,"minecraft:redstone":6,"twilightforest:firefly":6,"terramity:diamond_ring":1,"collectorsalbum:rare_magma_cube_card":1,"minecraft:hay_block":2,"minecraft:mutton":5,"minecraft:white_wool":3,"collectorsalbum:common_card_package":28,"minecraft:oxeye_daisy":5,"irons_spellbooks:silver_ring":1,"minecraft:oak_log":497,"collectorsalbum:album":4,"tombstone:gift":1,"minecraft:paper":34,"minecraft:white_banner":4,"minecraft:apple":18,"minecraft:stone_bricks":5,"minecraft:glass_bottle":1,"minecraft:iron_sword":1,"minecraft:dark_oak_stairs":1,"collectorsalbum:common_kelp_card":1,"minecraft:sweet_berries":40,"collectorsalbum:uncommon_shield_card":1,"collectorsalbum:rare_card_package":10,"minecraft:purple_bed":5,"minecraft:slime_ball":6,"collectorsalbum:rare_heart_of_the_sea_card":1,"minecraft:polished_diorite":2,"twilightforest:raven_feather":1,"minecraft:painting":38,"minecraft:red_nether_brick_slab":1,"terramity:stone_tiles":1,"collectorsalbum:common_oak_sapling_card":1,"terramity:gold_round":191,"twilightforest:cicada_jar":1,"minecraft:black_carpet":2,"minecraft:wheat":4,"minecraft:iron_trapdoor":1,"collectorsalbum:rare_horse_card":1,"minecraft:potion":1,"minecraft:lapis_block":1,"collectorsalbum:common_netherite_boots_card":1,"minecraft:waxed_cut_copper_slab":4,"minecraft:raw_copper":33,"minecraft:iron_leggings":1,"minecraft:oak_sign":2,"irons_spellbooks:arcane_essence":8,"minecraft:smooth_stone":10,"minecraft:comparator":1,"minecraft:rose_bush":1,"minecraft:redstone_torch":15,"minecraft:calcite":17,"twilightforest:firefly_jar":22,"minecraft:stick":28,"minecraft:oak_fence":7,"collectorsalbum:common_netherite_shovel_card":1,"minecraft:torch":79,"tombstone:grave_dust":24,"minecraft:diorite":4,"minecraft:rotten_flesh":163,"epicpaladins:cryorium_gem":4,"collectorsalbum:epic_card_package":7,"minecraft:mangrove_stairs":1,"collectorsalbum:common_brown_mushroom_card":1,"undead_revamp2:arapholia":2,"minecraft:cobblestone":1288,"minecraft:pink_petals":4,"minecraft:repeater":3,"twilightforest:twilight_oak_log":4,"minecraft:andesite":1,"collectorsalbum:mythical_enchantment_table_card":1,"minecraft:potato":606,"twilightforest:arctic_chestplate":2,"minecraft:tuff":8,"twilightforest:minoshroom_trophy":1,"undead_revamp2:huntereye":3,"minecraft:dirt":1826,"minecraft:bone":121,"minecraft:bow":3,"minecraft:wheat_seeds":210,"minecraft:cyan_candle":3,"minecraft:bamboo":4097,"collectorsalbum:rare_wheat_card":1,"minecraft:oak_planks":101,"collectorsalbum:common_golden_shovel_card":3,"minecraft:poisonous_potato":6,"collectorsalbum:common_golden_helmet_card":1,"undead_revamp2:acidsack":1,"minecraft:mossy_cobblestone":2,"minecraft:spruce_boat":2,"waystones:waystone":3,"minecraft:crossbow":1,"minecraft:golden_apple":1,"soulsweapons:verglas":6,"twilightforest:arctic_fur":15,"minecraft:oak_sapling":3,"twilightforest:torchberries":1,"minecraft:mud_brick_slab":1,"minecraft:waxed_oxidized_cut_copper":3,"minecraft:azure_bluet":6,"twilightforest:ironwood_boots":1,"minecraft:wooden_pickaxe":1,"minecraft:gold_block":16,"twilightforest:nagastone":1,"minecraft:stone_stairs":8,"minecraft:iron_axe":1,"collectorsalbum:mythical_card_package":4,"twilightforest:hydra_chop":3,"minecraft:cyan_carpet":7,"terramity:accursed_soul":88,"collectorsalbum:rare_iron_axe_card":1,"minecraft:candle":54,"minecraft:player_head":5,"minecraft:sugar_cane":6,"twilightforest:arctic_leggings":1,"minecraft:raw_iron":13,"minecraft:stripped_mangrove_wood":7,"minecraft:bowl":1,"collectorsalbum:uncommon_emerald_card":1,"minecraft:dark_oak_planks":7,"minecraft:arrow":62,"new_ores_1_20_1:sapphire_ring":2,"minecraft:saddle":2,"collectorsalbum:common_piglin_brute_card":2,"minecraft:basalt":1,"minecraft:leather":3,"minecraft:birch_planks":1,"epicpaladins:arclight_axe":1,"minecraft:gunpowder":61,"minecraft:cooked_mutton":1,"minecraft:red_nether_brick_stairs":2,"epicpaladins:arclight_pickaxe":1,"minecraft:gray_carpet":3,"minecraft:iron_ingot":24,"minecraft:book":29,"twilightforest:ice_sword":1,"minecraft:dandelion":47,"waystones:mossy_waystone":5,"minecraft:dripstone_block":21,"collectorsalbum:common_enderman_card":1,"minecraft:red_banner":5,"minecraft:blast_furnace":14,"minecraft:white_bed":2,"minecraft:nether_brick_slab":2,"minecraft:spider_eye":4,"twilightforest:meef_stroganoff":1,"magistuarmory:rusted_bastardsword":1,"magistuarmory:rustedcrusader_boots":3,"minecraft:iron_helmet":1,"collectorsalbum:uncommon_netherite_chestplate_card":1,"tombstone:magic_scroll":7,"minecraft:coal":156}},"DataVersion":3465}