{"stats":{"minecraft:dropped":{"minecraft:candle":19,"collectorsalbum:common_golden_shovel_card":1,"minecraft:glass_bottle":1,"minecraft:crafting_table":1,"collectorsalbum:common_netherite_boots_card":2,"magistuarmory:rustedcrusader_chestplate":1,"minecraft:red_nether_brick_slab":1,"minecraft:leather":2,"travelersbackpack:standard":1,"collectorsalbum:rare_sweet_berries_card":1,"irons_spellbooks:silver_ring":1,"magistuarmory:rusted_bastardsword":1,"collectorsalbum:rare_horse_card":2,"minecraft:purple_wool":4,"collectorsalbum:uncommon_netherite_helmet_card":1,"minecraft:cyan_carpet":1,"minecraft:bone":10,"terramity:overclocked_microwave":1,"undead_revamp2:arapholia":1,"collectorsalbum:uncommon_netherite_boots_card":1,"minecraft:rotten_flesh":26,"minecraft:oak_planks":3,"terramity:diamond_ring":1,"minecraft:stone_stairs":4,"minecraft:azure_bluet":1,"minecraft:gunpowder":10,"terramity:stone_tiles":2,"minecraft:red_nether_bricks":7,"minecraft:iron_bars":3,"minecraft:arrow":3,"minecraft:beef":2,"magistuarmory:rustedchainmail_boots":1,"minecraft:quartz":1,"minecraft:purple_carpet":18,"collectorsalbum:album":3,"collectorsalbum:epic_card_package":1,"minecraft:wheat_seeds":14,"collectorsalbum:uncommon_netherite_hoe_card":1,"minecraft:mossy_cobblestone":1,"collectorsalbum:rare_netherite_pickaxe_card":1,"minecraft:cobblestone":22,"minecraft:purple_dye":1,"minecraft:mushroom_stew":3,"minecraft:stick":4,"magistuarmory:rustedcrusader_boots":3,"irons_spellbooks:scroll":1,"tombstone:grave_dust":1,"minecraft:iron_leggings":1,"minecraft:oak_stairs":2,"minecraft:white_banner":1,"minecraft:dandelion":1,"minecraft:polished_diorite":1,"minecraft:blue_terracotta":2,"minecraft:soul_soil":1,"minecraft:bowl":1,"minecraft:raw_iron":5,"collectorsalbum:rare_card_package":1,"collectorsalbum:uncommon_shield_card":1,"minecraft:red_nether_brick_stairs":2,"collectorsalbum:mythical_enchantment_table_card":1,"minecraft:potato":5,"minecraft:hay_block":2,"minecraft:iron_chestplate":1,"collectorsalbum:uncommon_magma_cube_card":1,"minecraft:slime_ball":6,"minecraft:bow":1,"minecraft:wooden_pickaxe":1},"minecraft:picked_up":{"minecraft:birch_door":1,"minecraft:black_carpet":2,"minecraft:iron_trapdoor":1,"minecraft:stone_slab":7,"collectorsalbum:rare_horse_card":1,"minecraft:oak_stairs":2,"minecraft:potion":1,"minecraft:soul_soil":2,"minecraft:dark_oak_trapdoor":2,"minecraft:polished_deepslate":1,"collectorsalbum:common_netherite_boots_card":1,"minecraft:string":2,"minecraft:waxed_cut_copper_slab":4,"minecraft:red_nether_bricks":13,"minecraft:smooth_stone":10,"minecraft:comparator":1,"minecraft:spruce_planks":6,"minecraft:rose_bush":1,"minecraft:redstone_torch":4,"minecraft:calcite":17,"minecraft:stick":2,"minecraft:torch":18,"collectorsalbum:uncommon_card_package":8,"tombstone:grave_dust":23,"minecraft:diorite":3,"magistuarmory:rustedcrusader_chestplate":1,"terramity:overclocked_microwave":1,"collectorsalbum:epic_card_package":5,"minecraft:mangrove_stairs":1,"minecraft:rotten_flesh":82,"terramity:elite_rifle":1,"minecraft:iron_bars":3,"undead_revamp2:arapholia":2,"minecraft:cobblestone":83,"minecraft:pink_petals":4,"minecraft:cooked_beef":3,"magistuarmory:rustedchainmail_boots":1,"minecraft:andesite":1,"collectorsalbum:mythical_enchantment_table_card":1,"minecraft:tuff":8,"undead_revamp2:huntereye":3,"minecraft:mangrove_slab":3,"minecraft:dirt":74,"collectorsalbum:legendary_card_package":2,"minecraft:purple_carpet":18,"minecraft:bone":58,"minecraft:bow":2,"minecraft:wheat_seeds":16,"minecraft:cyan_candle":3,"minecraft:oak_planks":6,"terramity:spring":1,"minecraft:mossy_cobblestone":2,"undead_revamp2:acidsack":1,"minecraft:bundle":3,"minecraft:blue_terracotta":9,"waystones:waystone":2,"minecraft:waxed_oxidized_cut_copper":3,"minecraft:mud_brick_slab":1,"minecraft:crafting_table":2,"minecraft:purple_wool":6,"minecraft:azure_bluet":2,"minecraft:wooden_pickaxe":1,"minecraft:gold_block":9,"minecraft:stone_stairs":8,"collectorsalbum:mythical_card_package":3,"minecraft:cyan_carpet":7,"terramity:electronic_scrap":8,"terramity:accursed_soul":28,"minecraft:candle":54,"minecraft:beef":2,"minecraft:player_head":3,"minecraft:piston":3,"minecraft:raw_iron":5,"minecraft:stripped_mangrove_wood":7,"minecraft:mangrove_sign":3,"minecraft:dark_oak_planks":7,"minecraft:arrow":18,"terramity:diamond_ring":1,"minecraft:hay_block":2,"minecraft:mutton":5,"minecraft:white_wool":3,"collectorsalbum:common_card_package":15,"minecraft:basalt":1,"minecraft:leather":2,"irons_spellbooks:silver_ring":1,"minecraft:oak_log":6,"collectorsalbum:album":3,"minecraft:gunpowder":10,"tombstone:gift":1,"minecraft:white_banner":4,"minecraft:cooked_mutton":1,"minecraft:red_nether_brick_stairs":2,"minecraft:stone_bricks":2,"minecraft:gray_carpet":3,"minecraft:iron_ingot":23,"minecraft:glass_bottle":1,"minecraft:dark_oak_stairs":1,"minecraft:dandelion":1,"minecraft:red_banner":1,"minecraft:blast_furnace":7,"minecraft:white_bed":2,"minecraft:nether_brick_slab":2,"collectorsalbum:uncommon_shield_card":1,"collectorsalbum:rare_card_package":7,"minecraft:slime_ball":6,"magistuarmory:rusted_bastardsword":1,"minecraft:polished_diorite":2,"magistuarmory:rustedcrusader_boots":3,"minecraft:painting":1,"minecraft:red_nether_brick_slab":1,"tombstone:magic_scroll":3,"terramity:stone_tiles":1,"terramity:gold_round":117},"minecraft:broken":{"minecraft:iron_boots":1,"minecraft:leather_helmet":1,"minecraft:stone_sword":1,"minecraft:iron_pickaxe":1,"magistuarmory:messer_sword":1,"magistuarmory:rustedbarbute":1,"magistuarmory:rustedchainmail_leggings":1},"minecraft:custom":{"minecraft:interact_with_crafting_table":3,"minecraft:open_barrel":38,"minecraft:eat_cake_slice":1,"minecraft:leave_game":3,"minecraft:time_since_death":4495,"minecraft:sprint_one_cm":284141,"minecraft:damage_blocked_by_shield":438,"minecraft:drop":105,"minecraft:play_time":220196,"minecraft:deaths":20,"minecraft:jump":1866,"minecraft:walk_on_water_one_cm":61,"minecraft:traded_with_villager":17,"minecraft:interact_with_loom":1,"minecraft:sleep_in_bed":6,"minecraft:waystone_activated":2,"tombstone:sneak_grave":1,"minecraft:damage_dealt":22101,"minecraft:crouch_one_cm":25595,"tombstone:undead_killed":107,"minecraft:mob_kills":150,"minecraft:interact_with_anvil":1,"minecraft:interact_with_campfire":5,"minecraft:damage_dealt_resisted":307,"minecraft:climb_one_cm":2606,"minecraft:walk_one_cm":625596,"minecraft:sneak_time":16385,"minecraft:interact_with_lectern":1,"minecraft:interact_with_blast_furnace":1,"minecraft:total_world_time":220196,"tombstone:raider_killed":4,"minecraft:tune_noteblock":4,"minecraft:time_since_rest":487,"minecraft:damage_taken":9784,"minecraft:fly_one_cm":273878,"minecraft:open_chest":43,"minecraft:fall_one_cm":73436},"minecraft:crafted":{"minecraft:oak_planks":20,"minecraft:emerald":32,"minecraft:crafting_table":2,"minecraft:spruce_planks":4,"minecraft:wooden_pickaxe":1,"irons_spellbooks:furled_map":1,"minecraft:stick":12,"minecraft:stone_pickaxe":2,"minecraft:air":0},"minecraft:killed":{"minecraft:spider":1,"undead_revamp2:theswarmer":1,"minecraft:skeleton":14,"minecraft:creeper":11,"minecraft:sheep":3,"minecraft:pillager":2,"terramity:simple_turret":8,"minecraft:zombie":17,"minecraft:cow":2,"undead_revamp2:thehunter":7,"alexsmobs:raccoon":1,"minecraft:vindicator":2,"undead_revamp2:thebidy":1,"undead_revamp2:sucker":1,"minecraft:husk":55,"undead_revamp2:the_moonflower":2,"terramity:elite_skeleton":9,"minecraft:frog":4},"minecraft:killed_by":{"terramity:elite_skeleton":5,"undead_revamp2:the_moonflower":1,"terramity:simple_turret":1,"minecraft:vindicator":1,"undead_revamp2:bomber":1,"minecraft:zombie":2,"minecraft:vex":1,"minecraft:husk":3,"alexsmobs:tiger":1,"undead_revamp2:thehunter":1},"minecraft:mined":{"minecraft:dark_oak_planks":9,"minecraft:red_nether_brick_slab":1,"minecraft:waxed_cut_copper_slab":4,"minecraft:spruce_planks":6,"minecraft:white_bed":2,"minecraft:red_nether_bricks":14,"minecraft:grass_block":4,"minecraft:soul_soil":1,"minecraft:polished_diorite":2,"minecraft:spawner":6,"minecraft:smooth_stone":13,"minecraft:dark_oak_trapdoor":2,"minecraft:red_nether_brick_stairs":1,"minecraft:iron_ore":5,"minecraft:black_carpet":3,"minecraft:oak_stairs":1,"minecraft:iron_bars":3,"minecraft:purple_carpet":2,"minecraft:stripped_mangrove_wood":13,"minecraft:player_head":2,"minecraft:torch":8,"minecraft:blast_furnace":7,"minecraft:calcite":33,"minecraft:nether_brick_slab":3,"minecraft:cobblestone":23,"minecraft:oak_planks":1,"minecraft:wall_torch":8,"minecraft:pink_petals":1,"minecraft:stone_stairs":8,"minecraft:blue_terracotta":9,"minecraft:birch_door":1,"minecraft:grass":27,"minecraft:oak_log":7,"minecraft:dirt":20,"structure_gel:dynamic_spawner":3,"minecraft:piston":3,"minecraft:oak_leaves":3,"minecraft:cyan_candle":1,"minecraft:tuff":8,"minecraft:mossy_cobblestone":2,"minecraft:candle":16,"minecraft:soul_campfire":1,"terramity:stone_tiles":1,"minecraft:hay_block":2,"minecraft:black_stained_glass_pane":8,"minecraft:waxed_oxidized_cut_copper":4,"minecraft:suspicious_sand":1,"minecraft:andesite":1,"minecraft:gold_block":9,"minecraft:polished_deepslate":1,"minecraft:stone":64,"minecraft:mangrove_stairs":1,"minecraft:basalt":1,"minecraft:red_banner":1,"minecraft:crafting_table":1,"minecraft:rose_bush":1,"minecraft:andesite_slab":2,"minecraft:stone_slab":10,"minecraft:tall_grass":18,"minecraft:diorite":7,"minecraft:purple_wool":6,"minecraft:white_wall_banner":3,"minecraft:mangrove_slab":3,"minecraft:cyan_carpet":7,"minecraft:gray_carpet":3,"minecraft:stone_bricks":4,"minecraft:iron_trapdoor":1},"minecraft:used":{"magistuarmory:corruptedroundshield":2,"minecraft:blue_terracotta":7,"magistuarmory:rusted_heavymace":10,"minecraft:polished_deepslate":1,"minecraft:black_carpet":2,"minecraft:player_head":1,"minecraft:carrot":9,"minecraft:tuff":8,"magistuarmory:messer_sword":274,"minecraft:mangrove_stairs":1,"magistuarmory:rusted_bastardsword":134,"minecraft:mangrove_slab":1,"minecraft:diorite":2,"minecraft:gray_carpet":2,"minecraft:stone_pickaxe":71,"minecraft:wooden_pickaxe":8,"minecraft:white_wool":3,"minecraft:stripped_mangrove_wood":5,"minecraft:mushroom_stew":1,"waystones:waystone":1,"minecraft:bread":13,"tombstone:grave_key":11,"minecraft:andesite":1,"minecraft:purple_wool":2,"minecraft:stone_sword":234,"minecraft:spruce_planks":10,"minecraft:torch":39,"minecraft:dirt":70,"magistuarmory:stone_heatershield":14,"minecraft:stone_stairs":5,"minecraft:polished_diorite":1,"minecraft:birch_door":1,"minecraft:dark_oak_planks":7,"minecraft:iron_axe":1,"terramity:stone_tiles":1,"minecraft:waxed_cut_copper_slab":3,"minecraft:iron_trapdoor":1,"minecraft:soul_soil":1,"tombstone:gift":6,"minecraft:calcite":12,"minecraft:cooked_mutton":1,"minecraft:baked_potato":48,"minecraft:red_nether_bricks":6,"minecraft:waxed_oxidized_cut_copper":3,"minecraft:mossy_cobblestone":1,"minecraft:crafting_table":3,"minecraft:white_bed":1,"minecraft:mangrove_sign":2,"minecraft:cake":1,"minecraft:oak_log":1,"minecraft:apple":8,"minecraft:iron_pickaxe":257,"tombstone:magic_scroll":3,"minecraft:stone_slab":6,"minecraft:cobblestone":56,"minecraft:potion":1,"travelersbackpack:standard":16,"minecraft:white_banner":1,"minecraft:pumpkin_pie":10,"alexsmobs:animal_dictionary":4,"minecraft:smooth_stone":10,"minecraft:candle":2}},"DataVersion":3465}