{"stats":{"minecraft:crafted":{"man:cassetteplayer":1,"minecraft:crafting_table":1,"minecraft:wooden_pickaxe":1,"minecraft:chiseled_polished_blackstone":2,"minecraft:birch_planks":12,"minecraft:stick":4,"minecraft:spruce_button":1,"minecraft:furnace":1,"minecraft:stone_pickaxe":1,"minecraft:dark_oak_planks":12,"new_ores_1_20_1:sapphire_pickaxe":1,"new_ores_1_20_1:sapphire":4},"minecraft:used":{"minecraft:moss_block":1,"minecraft:moss_carpet":4,"minecraft:writable_book":4,"minecraft:polished_deepslate":94,"minecraft:black_carpet":4,"minecraft:chest":2,"minecraft:shield":1,"minecraft:zombie_spawn_egg":162,"minecraft:bell":1,"minecraft:carrot":2,"minecraft:obsidian":9,"minecraft:honey_bottle":2,"horror_element_mod:crucified_body":1,"minecraft:birch_sapling":1,"horror_element_mod:villager_head":1,"minecraft:grass_block":2,"minecraft:quartz_block":5,"minecraft:stone_bricks":14,"new_ores_1_20_1:sapphire_sword":912,"minecraft:furnace":3,"horror_element_mod:colonial_marine_body":9,"minecraft:egg":2,"minecraft:potato":2,"horror_element_mod:blood_1":2,"minecraft:stone_pickaxe":16,"minecraft:oak_planks":3,"horror_element_mod:impaled_head":2,"travelersbackpack:dragon":2,"minecraft:golden_apple":1,"man:manfromthefog_spawn_egg":1,"endofherobrine:zombie_spawn_egg":1,"minecraft:black_bed":1,"horror_element_mod:blood_2":5,"minecraft:lightning_rod":5,"man:cassetteplayer":3,"the_knocker:knocker_spawn_egg":3,"minecraft:lever":3,"minecraft:crying_obsidian":8,"minecraft:melon_slice":27,"minecraft:bread":2,"minecraft:string":1,"minecraft:spore_blossom":2,"minecraft:iron_door":4,"minecraft:diamond_sword":493,"minecraft:fire_charge":2,"minecraft:wooden_sword":6,"sons_of_sins:prowler_spawn_egg":3,"minecraft:smooth_stone_slab":8,"minecraft:golden_pickaxe":53,"minecraft:enchanting_table":1,"minecraft:dead_tube_coral_block":1,"minecraft:flint_and_steel":16,"minecraft:spruce_planks":11,"minecraft:netherrack":5,"minecraft:oak_door":1,"minecraft:torch":125,"sons_of_sins:betrayed_guzzler_spawn_egg":2,"minecraft:dirt":353,"new_ores_1_20_1:sapphire_pickaxe":3816,"minecraft:dark_oak_planks":1,"minecraft:spruce_button":1,"dungeons_plus:soul_cannon":34,"new_ores_1_20_1:onyx_sword":133,"minecraft:gray_glazed_terracotta":2,"undead_revamp2:arapholia":2,"minecraft:stone_pressure_plate":6,"minecraft:cobbled_deepslate":157,"minecraft:observer":2,"minecraft:enchanted_golden_apple":89,"minecraft:golden_axe":8,"minecraft:wheat_seeds":11,"minecraft:amethyst_block":5,"whispering_spirits:whispering_spirit_spawn_egg":24,"minecraft:tube_coral_block":1,"minecraft:birch_planks":12,"sons_of_sins:blud_spawn_egg":1,"minecraft:cracked_stone_bricks":1,"minecraft:crafting_table":1,"minecraft:white_bed":1,"minecraft:oak_log":2,"minecraft:flower_pot":1,"new_ores_1_20_1:sapphire_axe":7,"minecraft:map":3,"new_ores_1_20_1:steel_ore":3,"minecraft:potion":3,"minecraft:cobblestone":29,"travelersbackpack:standard":4,"minecraft:porkchop":3,"minecraft:black_candle":4,"minecraft:splash_potion":2,"minecraft:candle":4,"minecraft:sculk_catalyst":1,"minecraft:soul_torch":1},"minecraft:mined":{"undead_revamp2:arapholia":2,"minecraft:dark_oak_planks":1,"minecraft:spruce_planks":11,"minecraft:stone_pressure_plate":4,"minecraft:sculk_vein":3,"new_ores_1_20_1:deepslate_bronze_ore":15,"minecraft:brewing_stand":1,"man:cassetteplayer":2,"minecraft:granite":4,"minecraft:grass_block":31,"minecraft:chiseled_stone_bricks":1,"minecraft:spawner":4,"minecraft:light_blue_stained_glass":3,"minecraft:potted_warped_fungus":1,"horror_element_mod:rotten_body":1,"minecraft:tall_seagrass":1,"minecraft:magma_block":3,"minecraft:sculk_catalyst":1,"horror_element_mod:villager_head":1,"minecraft:iron_ore":4,"minecraft:cobbled_deepslate":10,"minecraft:fire":6,"uniquedungeons:dark_antique_stone_slab":3,"minecraft:moss_carpet":5,"minecraft:black_carpet":6,"minecraft:enchanting_table":1,"horror_element_mod:severed_hand":1,"minecraft:sculk_shrieker":2,"minecraft:pointed_dripstone":6,"minecraft:black_candle":2,"minecraft:green_carpet":2,"minecraft:deepslate_redstone_ore":11,"uniquedungeons:dark_antique_stone_stairs":5,"horror_element_mod:dead_experiment":5,"minecraft:brown_mushroom":2,"minecraft:quartz_block":4,"horror_element_mod:beheaded_body":2,"minecraft:reinforced_deepslate":1,"new_ores_1_20_1:steel_ore":11,"new_ores_1_20_1:moonstone_block":2,"minecraft:torch":34,"minecraft:calcite":8,"minecraft:melon":7,"uniquedungeons:chiseled_dark_antique_stone":1,"minecraft:glass":20,"minecraft:cobblestone":12,"minecraft:oak_planks":2,"new_ores_1_20_1:topaz_ore":5,"minecraft:iron_door":2,"minecraft:wall_torch":35,"minecraft:amethyst_block":15,"minecraft:skeleton_skull":1,"minecraft:chain":6,"minecraft:birch_log":8,"minecraft:wheat":14,"minecraft:smooth_stone_slab":11,"minecraft:grass":27,"minecraft:oak_log":6,"horror_element_mod:dead_cow":2,"horror_element_mod:blood_1":3,"minecraft:sand":1,"minecraft:dirt":54,"horror_element_mod:blood_9":2,"minecraft:smooth_basalt":6,"minecraft:red_mushroom_block":7,"horror_element_mod:colonial_marine_body":11,"minecraft:netherrack":5,"new_ores_1_20_1:silver_ore":2,"minecraft:oak_leaves":7,"minecraft:deepslate":2517,"uniquedungeons:urn":5,"minecraft:tuff":163,"minecraft:mossy_cobblestone":2,"minecraft:deepslate_diamond_ore":1,"minecraft:candle":2,"minecraft:dark_oak_log":4,"minecraft:mangrove_roots":1,"minecraft:gray_glazed_terracotta":2,"gravestone:gravestone":3,"minecraft:glow_lichen":19,"minecraft:lever":2,"uniquedungeons:dark_antique_stone":47,"horror_element_mod:blood_8":1,"horror_element_mod:blood_2":7,"minecraft:potted_bamboo":1,"minecraft:moss_block":3,"minecraft:sandstone":42,"minecraft:large_fern":1,"minecraft:spore_blossom":1,"minecraft:redstone_ore":1,"minecraft:furnace":2,"minecraft:andesite":9,"horror_element_mod:scientist_body":5,"minecraft:bell":1,"minecraft:polished_deepslate":54,"minecraft:deepslate_iron_ore":2,"minecraft:vine":1,"horror_element_mod:blood_7":6,"minecraft:stone":708,"new_ores_1_20_1:turmaline_ore":8,"minecraft:acacia_leaves":2,"minecraft:hanging_roots":10,"minecraft:soul_torch":1,"new_ores_1_20_1:moonstone_ore":5,"minecraft:observer":1,"minecraft:smooth_sandstone":1,"minecraft:crafting_table":1,"uniquedungeons:dried_quick_sand":2,"minecraft:spruce_button":1,"horror_element_mod:hanging_corpse_1":1,"minecraft:rose_bush":1,"minecraft:sculk_sensor":2,"minecraft:lightning_rod":24,"minecraft:copper_ore":15,"minecraft:tall_grass":18,"new_ores_1_20_1:sapphire_ore":6,"minecraft:cracked_deepslate_bricks":2,"minecraft:sculk":3,"minecraft:diorite":6,"horror_element_mod:impaled_head":1,"minecraft:coarse_dirt":3,"new_ores_1_20_1:sunstone_ore":5,"new_ores_1_20_1:sunstone_block":2,"minecraft:sea_pickle":1,"minecraft:redstone_torch":1,"minecraft:birch_leaves":2,"minecraft:bee_nest":1,"minecraft:coal_ore":23,"minecraft:mycelium":1,"horror_element_mod:hospital_bed":1,"minecraft:gravel":19,"minecraft:dripstone_block":3,"minecraft:cobweb":12,"minecraft:cracked_stone_bricks":1,"minecraft:polished_andesite":1,"minecraft:stone_bricks":9,"minecraft:small_dripleaf":1,"minecraft:iron_trapdoor":4},"minecraft:broken":{"new_ores_1_20_1:onyx_armor_boots":1,"minecraft:iron_boots":1,"new_ores_1_20_1:onyx_armor_leggings":1,"new_ores_1_20_1:onyx_armor_helmet":1,"minecraft:iron_helmet":1,"minecraft:golden_pickaxe":1,"new_ores_1_20_1:sapphire_pickaxe":2,"new_ores_1_20_1:onyx_armor_chestplate":1},"minecraft:dropped":{"minecraft:brown_mushroom":7,"minecraft:porkchop":3,"minecraft:oak_log":1,"minecraft:glass_bottle":3,"minecraft:diamond":2,"minecraft:dark_oak_sapling":4,"uniquedungeons:dark_antique_stone_stairs":2,"minecraft:cracked_stone_bricks":1,"travelersbackpack:standard":2,"uniquedungeons:dark_antique_stone_slab":5,"minecraft:red_mushroom":15,"new_ores_1_20_1:deepslate_bronze_ore":7,"minecraft:emerald":1,"minecraft:dirt":163,"minecraft:dark_oak_log":8,"minecraft:mutton":6,"gravestone:obituary":2,"minecraft:writable_book":1,"new_ores_1_20_1:silver_ore":1,"minecraft:dark_oak_planks":3,"eeeabsmobs:soul_summoning_necklace":2,"minecraft:birch_log":12,"minecraft:white_wool":7,"minecraft:gold_ingot":6,"minecraft:bone":5,"minecraft:chiseled_polished_blackstone":2,"minecraft:mangrove_roots":1,"minecraft:lever":12,"minecraft:cobbled_deepslate":1013,"minecraft:black_carpet":2,"minecraft:wheat":4,"undead_revamp2:arapholia":1,"minecraft:rotten_flesh":295,"minecraft:enchanted_golden_apple":335,"new_ores_1_20_1:onyx_armor_helmet":1,"minecraft:carrot":2,"minecraft:gunpowder":21,"minecraft:skeleton_skull":1,"travelersbackpack:iron_golem":1,"minecraft:melon_seeds":6,"minecraft:quartz_block":8,"minecraft:hopper":2,"minecraft:leather_boots":1,"new_ores_1_20_1:onyx_armor_boots":1,"new_ores_1_20_1:onyx_armor_chestplate":1,"uniquedungeons:antique_pebble":1,"minecraft:beef":5,"minecraft:bread":1,"minecraft:iron_ingot":5,"new_ores_1_20_1:sapphire":1,"minecraft:wheat_seeds":12,"minecraft:diamond_leggings":2,"minecraft:cobblestone":284,"minecraft:iron_helmet":2,"minecraft:book":6,"minecraft:amethyst_block":15,"minecraft:spruce_button":1,"uniquedungeons:dark_antique_stone":45,"minecraft:copper_ingot":1,"minecraft:spruce_stairs":2,"travelersbackpack:dragon":1,"minecraft:coal":13,"minecraft:golden_apple":1,"minecraft:stick":2,"horror_element_mod:villager_head":1,"minecraft:iron_trapdoor":3,"minecraft:torch":144,"minecraft:melon_slice":2,"minecraft:iron_door":1,"minecraft:diamond_helmet":1,"minecraft:iron_leggings":6,"uniquedungeons:dried_quick_sand":6,"dungeons_plus:soul_cannon":1,"new_ores_1_20_1:sapphire_pickaxe":3,"uniquedungeons:chiseled_dark_antique_stone":1,"minecraft:paper":2,"minecraft:string":36,"minecraft:redstone":4,"minecraft:smooth_basalt":6,"minecraft:kelp":1,"uniquedungeons:ancient_note":2,"minecraft:coarse_dirt":2,"minecraft:raw_copper":25,"minecraft:smooth_stone_slab":1,"minecraft:tuff":20,"minecraft:raw_iron":15,"new_ores_1_20_1:onyx_armor_leggings":1,"minecraft:iron_boots":1,"minecraft:filled_map":4,"minecraft:diamond_sword":5,"man:tearoftheman":2,"undead_revamp2:heavytooth":1,"minecraft:diamond_chestplate":2,"minecraft:spruce_planks":2,"minecraft:iron_chestplate":3,"new_ores_1_20_1:sapphire_ore":6,"minecraft:oak_sapling":1,"minecraft:spider_eye":2,"minecraft:stone_bricks":44,"minecraft:diamond_boots":2,"new_ores_1_20_1:steel_ore":5,"minecraft:bow":2,"minecraft:stone_pickaxe":2,"minecraft:wooden_pickaxe":1,"minecraft:raw_gold":4,"minecraft:calcite":9},"minecraft:picked_up":{"minecraft:iron_chestplate":2,"minecraft:wheat":4,"minecraft:black_carpet":6,"minecraft:iron_trapdoor":3,"minecraft:flower_pot":1,"travelersbackpack:dragon":1,"eeeabsmobs:soul_summoning_necklace":2,"minecraft:diamond_sword":3,"minecraft:potion":2,"minecraft:enchanted_book":1,"horror_element_mod:blood_1":2,"minecraft:brewing_stand":1,"minecraft:amethyst_block":20,"minecraft:polished_deepslate":86,"minecraft:string":54,"minecraft:dead_tube_coral_block":1,"minecraft:raw_copper":25,"minecraft:smooth_stone_slab":9,"minecraft:iron_leggings":3,"minecraft:diamond_leggings":2,"minecraft:cobbled_deepslate":1597,"minecraft:smooth_stone":3,"minecraft:spruce_planks":21,"minecraft:redstone_torch":1,"minecraft:rose_bush":1,"uniquedungeons:antique_pebble":1,"minecraft:calcite":9,"minecraft:melon_slice":37,"minecraft:furnace":2,"minecraft:stick":4,"new_ores_1_20_1:tanzanite_ore":9,"minecraft:torch":84,"minecraft:spruce_stairs":2,"minecraft:porkchop":8,"minecraft:golden_axe":1,"minecraft:dried_kelp":6,"minecraft:lightning_rod":5,"new_ores_1_20_1:sapphire_pickaxe":5,"minecraft:quartz_block":8,"minecraft:honey_bottle":8,"minecraft:rotten_flesh":370,"new_ores_1_20_1:moonstone_block":2,"new_ores_1_20_1:angelite_ore":8,"minecraft:mangrove_roots":11,"man:cassetteplayer":2,"undead_revamp2:arapholia":3,"minecraft:cobblestone":498,"new_ores_1_20_1:sapphire_ore":12,"minecraft:nautilus_shell":1,"minecraft:birch_log":17,"minecraft:enchanting_table":1,"new_ores_1_20_1:silver_ore":1,"minecraft:iron_door":5,"minecraft:andesite":4,"minecraft:black_bed":1,"minecraft:potato":3,"uniquedungeons:dark_antique_stone_slab":10,"minecraft:flint":3,"minecraft:tuff":20,"undead_revamp2:huntereye":5,"horror_element_mod:villager_head":2,"new_ores_1_20_1:moonstone_ore":5,"minecraft:dirt":512,"minecraft:leather_boots":2,"minecraft:bone":54,"undead_revamp2:blacpetalblock":1,"minecraft:bow":4,"minecraft:wheat_seeds":34,"minecraft:raw_gold":7,"minecraft:bell":1,"minecraft:diamond_helmet":1,"minecraft:moss_block":1,"minecraft:oak_planks":3,"minecraft:gray_glazed_terracotta":2,"new_ores_1_20_1:topaz_ore":16,"minecraft:dark_oak_log":11,"undead_revamp2:heavytooth":1,"horror_element_mod:blood_2":2,"minecraft:diamond":45,"minecraft:lever":15,"minecraft:writable_book":1,"new_ores_1_20_1:sunstone_block":2,"minecraft:spruce_button":1,"minecraft:emerald":15,"minecraft:bread":14,"minecraft:oak_sapling":1,"minecraft:netherrack":5,"new_ores_1_20_1:steel_ore":11,"undead_revamp2:bostroxingot":4,"minecraft:coarse_dirt":2,"minecraft:splash_potion":2,"new_ores_1_20_1:deepslate_bronze_ore":47,"minecraft:golden_pickaxe":1,"minecraft:brown_mushroom":7,"uniquedungeons:ancient_root_item":3,"minecraft:shield":1,"uniquedungeons:dark_antique_stone_stairs":2,"minecraft:moss_carpet":4,"minecraft:flint_and_steel":1,"minecraft:wooden_sword":1,"minecraft:cracked_stone_bricks":2,"minecraft:candle":7,"minecraft:beef":10,"minecraft:observer":9,"minecraft:chest":2,"minecraft:birch_sapling":1,"minecraft:egg":2,"minecraft:dark_oak_sapling":4,"minecraft:raw_iron":54,"minecraft:sandstone":18,"sons_of_sins:bloody_bone":2,"minecraft:oak_door":1,"minecraft:copper_ingot":4,"minecraft:carrot":3,"uniquedungeons:ancient_note":2,"minecraft:redstone":171,"minecraft:stone_pressure_plate":6,"new_ores_1_20_1:sunstone_ore":5,"minecraft:dark_oak_planks":1,"horror_element_mod:impaled_head":2,"minecraft:arrow":59,"minecraft:diamond_chestplate":2,"minecraft:diamond_boots":2,"minecraft:gold_ingot":6,"minecraft:saddle":2,"minecraft:tube_coral_block":1,"dungeons_plus:soul_cannon":1,"minecraft:mutton":20,"minecraft:skeleton_skull":1,"minecraft:white_wool":10,"minecraft:glow_ink_sac":2,"minecraft:leather":3,"minecraft:red_mushroom":15,"minecraft:filled_map":1,"uniquedungeons:ceramic_shard":10,"sons_of_sins:hand_of_riot":1,"minecraft:oak_log":9,"minecraft:gunpowder":40,"man:cassette_1safetyinstructions":1,"uniquedungeons:dried_quick_sand":8,"minecraft:stone_bricks":53,"minecraft:kelp":1,"minecraft:spore_blossom":2,"minecraft:iron_ingot":13,"minecraft:stone_pickaxe":1,"minecraft:dark_oak_stairs":2,"minecraft:book":3,"minecraft:sculk_catalyst":1,"minecraft:smooth_basalt":6,"minecraft:warped_fungus":1,"minecraft:black_candle":2,"horror_element_mod:blood_7":1,"minecraft:gravel":15,"minecraft:soul_torch":1,"minecraft:white_bed":1,"uniquedungeons:dark_antique_stone":45,"minecraft:spider_eye":2,"undead_revamp2:rawbostrox":3,"travelersbackpack:standard":1,"uniquedungeons:chiseled_dark_antique_stone":1,"minecraft:iron_helmet":1,"new_ores_1_20_1:turmaline_ore":7,"minecraft:melon_seeds":6,"minecraft:coal":18,"minecraft:hopper":2},"minecraft:killed":{"undead_revamp2:thewolf":2,"endofherobrine:silverfish":2,"minecraft:cave_spider":5,"endofherobrine:zombie":1,"minecraft:spider":3,"undead_revamp2:axestrom":12,"undead_revamp2:thesmoker":3,"undead_revamp2:theswarmer":1,"minecraft:skeleton":54,"minecraft:bee":4,"undead_revamp2:thespitter":1,"minecraft:pig":3,"minecraft:salmon":2,"undead_revamp2:theheavy":1,"undead_revamp2:thebeartamer":5,"minecraft:creeper":19,"minecraft:sheep":9,"undead_revamp2:slaveman":1,"minecraft:zombie":218,"undead_revamp2:theskeeper":2,"endofherobrine:pigman":1,"minecraft:cow":1,"undead_revamp2:thehunter":10,"undead_revamp2:thegliter":1,"undead_revamp2:bomber":1,"minecraft:phantom":1,"minecraft:horse":1,"minecraft:drowned":10,"undead_revamp2:thehorrors":2,"minecraft:warden":1,"undead_revamp2:sucker":4,"sons_of_sins:prowler":3,"undead_revamp2:the_moonflower":12,"eeeabsmobs:corpse_to_player":2,"undead_revamp2:thesomnolence":9,"minecraft:villager":2,"minecraft:enderman":2},"minecraft:custom":{"minecraft:interact_with_crafting_table":10,"minecraft:open_barrel":3,"minecraft:bell_ring":7,"minecraft:leave_game":5,"minecraft:time_since_death":130124,"minecraft:damage_resisted":3260,"minecraft:sprint_one_cm":773907,"minecraft:damage_blocked_by_shield":20,"minecraft:drop":238,"minecraft:play_noteblock":2,"minecraft:talked_to_villager":12,"minecraft:play_time":481918,"minecraft:deaths":4,"minecraft:jump":4843,"minecraft:walk_on_water_one_cm":64086,"minecraft:interact_with_furnace":16,"minecraft:traded_with_villager":3,"minecraft:sleep_in_bed":2,"minecraft:damage_dealt":79989,"minecraft:crouch_one_cm":74464,"minecraft:interact_with_smoker":1,"minecraft:interact_with_smithing_table":1,"minecraft:interact_with_anvil":1,"minecraft:mob_kills":429,"minecraft:inspect_hopper":1,"minecraft:damage_dealt_resisted":1013,"minecraft:climb_one_cm":2304,"minecraft:walk_one_cm":1486305,"minecraft:sneak_time":32758,"minecraft:walk_under_water_one_cm":55996,"minecraft:interact_with_lectern":4,"minecraft:boat_one_cm":20,"minecraft:total_world_time":481918,"minecraft:tune_noteblock":1,"minecraft:pot_flower":1,"minecraft:interact_with_stonecutter":1,"minecraft:time_since_rest":27108,"minecraft:damage_absorbed":7726,"minecraft:damage_taken":8340,"minecraft:swim_one_cm":93602,"minecraft:fly_one_cm":820827,"minecraft:open_chest":74,"minecraft:fall_one_cm":112280}},"DataVersion":3465}