{"stat.leaveGame":2,"stat.pickup.hardcore_battle_towers_av_av.guidebook":2,"stat.jump":271,"stat.swimOneCm":17460,"stat.fallOneCm":7781,"stat.crouchOneCm":10189,"stat.mineBlock.gravestone.gravestone":1,"stat.pickup.minecraft.dirt":18,"stat.useItem.minecraft.dirt":6,"stat.useItem.minecraft.stone_slab2":9,"stat.pickup.minecraft.rotten_flesh":16,"stat.pickup.minecraft.sand":2,"stat.damageTaken":921,"stat.mineBlock.minecraft.red_flower":1,"stat.drop.hardcore_battle_towers_av_av.guidebook":2,"stat.pickup.srparasites.assimilated_flesh":2,"stat.pickup.minecraft.leather_boots":1,"stat.flyOneCm":30825,"stat.pickup.minecraft.wheat_seeds":2,"stat.mineBlock.minecraft.sand":2,"stat.drop.minecraft.wheat_seeds":1,"stat.entityKilledBy.Zombie":1,"stat.damageDealt":1182,"stat.timeSinceDeath":19291,"stat.killEntity.Silverfish":1,"stat.mineBlock.minecraft.dirt":20,"stat.walkOneCm":93966,"stat.useItem.minecraft.bread":9,"stat.mineBlock.minecraft.double_plant":1,"stat.pickup.minecraft.shield":1,"stat.pickup.minecraft.wooden_sword":1,"stat.sprintOneCm":34895,"stat.killEntity.Spider":1,"stat.pickup.minecraft.bread":64,"stat.mobKills":7,"stat.entityKilledBy.Creeper":1,"stat.deaths":2,"stat.drop":19,"stat.playOneMinute":33088,"stat.useItem.minecraft.wooden_sword":54,"stat.sneakTime":5609,"stat.killEntity.Zombie":2,"stat.drop.minecraft.bread":16,"stat.mineBlock.minecraft.tallgrass":14,"stat.diveOneCm":14926}