{"stats":{"minecraft:crafted":{"minecraft:oak_planks":75,"minecraft:raw_iron":9,"minecraft:birch_boat":2,"minecraft:furnace":12,"minecraft:bow":1,"minecraft:iron_axe":1,"new_ores_1_20_1:sapphire_sword":1,"minecraft:stone_pickaxe":1,"minecraft:chest":4,"minecraft:dark_oak_planks":40,"minecraft:lead":4,"new_ores_1_20_1:sapphire_pickaxe":5,"minecraft:cooked_porkchop":8,"minecraft:crafting_table":4,"minecraft:golden_pickaxe":2,"minecraft:birch_planks":20,"minecraft:air":0,"minecraft:stick":28,"minecraft:iron_ingot":4,"minecraft:iron_pickaxe":1,"new_ores_1_20_1:sapphire":16},"minecraft:used":{"minecraft:moss_carpet":3,"minecraft:writable_book":2,"minecraft:polished_deepslate":12,"undead_revamp2:blacpetalblock":1,"minecraft:chest":2,"minecraft:spruce_planks":6,"minecraft:rotten_flesh":3,"minecraft:torch":71,"minecraft:dirt":5,"horror_element_mod:blood_8":1,"new_ores_1_20_1:sapphire_pickaxe":6351,"minecraft:dark_oak_planks":4,"minecraft:quartz_slab":17,"minecraft:iron_axe":14,"horror_element_mod:villager_head":1,"minecraft:quartz_block":5,"minecraft:stone_bricks":2,"minecraft:magma_block":2,"minecraft:bow":2,"new_ores_1_20_1:sapphire_sword":120,"minecraft:furnace":14,"minecraft:horn_coral_block":1,"minecraft:egg":1,"horror_element_mod:blood_9":1,"minecraft:cobbled_deepslate":71,"minecraft:enchanted_golden_apple":58,"horror_element_mod:blood_1":3,"minecraft:amethyst_block":5,"minecraft:stone_pickaxe":14,"minecraft:oak_planks":34,"minecraft:birch_boat":2,"travelersbackpack:dragon":1,"minecraft:cracked_stone_bricks":3,"minecraft:white_wool":1,"dungeons_plus:warped_axe":138,"minecraft:crafting_table":9,"horror_element_mod:blood_2":3,"minecraft:redstone_torch":1,"minecraft:bread":2,"minecraft:iron_pickaxe":5,"minecraft:diamond_sword":166,"minecraft:cobblestone":26,"travelersbackpack:standard":6,"minecraft:cooked_porkchop":8,"minecraft:smooth_stone_slab":12,"horror_element_mod:redstone_trigerrer":1,"horror_element_mod:blood_7":3,"minecraft:splash_potion":1,"minecraft:golden_pickaxe":32},"minecraft:mined":{"minecraft:large_amethyst_bud":1,"minecraft:spruce_planks":10,"minecraft:tuff":247,"minecraft:stone_pressure_plate":7,"horror_element_mod:self_terminated_body":1,"minecraft:deepslate_diamond_ore":39,"minecraft:oak_door":1,"minecraft:sculk_vein":21,"new_ores_1_20_1:deepslate_bronze_ore":26,"minecraft:cyan_stained_glass":4,"minecraft:mangrove_roots":13,"minecraft:sea_lantern":2,"minecraft:glow_lichen":21,"gravestone:gravestone":1,"minecraft:budding_amethyst":1,"minecraft:grass_block":4,"horror_element_mod:blood_2":3,"minecraft:tube_coral_block":1,"minecraft:moss_block":4,"minecraft:kelp":1,"minecraft:light_blue_stained_glass":3,"minecraft:hay_block":30,"horror_element_mod:rotten_body":1,"minecraft:raw_iron_block":1,"minecraft:magma_block":1,"minecraft:sculk_catalyst":19,"minecraft:furnace":3,"horror_element_mod:villager_head":1,"minecraft:cobbled_deepslate":12,"minecraft:andesite":7,"minecraft:moss_carpet":9,"minecraft:black_carpet":1,"minecraft:anvil":1,"minecraft:deepslate_lapis_ore":9,"minecraft:dark_oak_stairs":1,"minecraft:iron_bars":1,"minecraft:polished_deepslate":35,"minecraft:sculk_shrieker":3,"minecraft:vine":15,"minecraft:deepslate_iron_ore":56,"minecraft:quartz_slab":17,"horror_element_mod:crucified_body":1,"minecraft:stone":237,"new_ores_1_20_1:turmaline_ore":7,"minecraft:white_wool":1,"horror_element_mod:redstone_trigerrer":1,"minecraft:deepslate_redstone_ore":77,"minecraft:brown_mushroom":1,"minecraft:glass_pane":1,"minecraft:hanging_roots":5,"minecraft:soul_lantern":1,"minecraft:crafting_table":4,"minecraft:torch":5,"minecraft:calcite":3,"horror_element_mod:hanging_corpse_1":1,"minecraft:mushroom_stem":4,"minecraft:lightning_rod":1,"minecraft:cobblestone":3,"minecraft:tall_grass":8,"minecraft:cracked_deepslate_bricks":2,"new_ores_1_20_1:sapphire_ore":16,"new_ores_1_20_1:angelite_ore":8,"minecraft:deepslate_gold_ore":26,"minecraft:oak_planks":1,"endofherobrine:mossy_stone_bricks":4,"minecraft:iron_door":4,"new_ores_1_20_1:topaz_ore":15,"minecraft:sculk":17,"minecraft:diorite":19,"minecraft:wall_torch":4,"minecraft:amethyst_block":12,"minecraft:wheat":2,"minecraft:birch_log":5,"horror_element_mod:spiked_villager":1,"new_ores_1_20_1:tanzanite_ore":9,"minecraft:birch_leaves":1,"minecraft:smooth_stone_slab":27,"minecraft:cracked_deepslate_tiles":2,"minecraft:grass":31,"new_ores_1_20_1:ruby_ore":3,"minecraft:oak_log":20,"minecraft:coal_ore":25,"minecraft:mycelium":2,"horror_element_mod:dead_cow":1,"minecraft:dirt":16,"minecraft:smooth_basalt":1,"minecraft:cracked_stone_bricks":5,"minecraft:red_mushroom_block":27,"minecraft:stone_bricks":20,"minecraft:oak_leaves":3,"minecraft:iron_trapdoor":2,"minecraft:deepslate":5390},"minecraft:broken":{"minecraft:iron_boots":1,"minecraft:iron_chestplate":1,"minecraft:iron_leggings":1,"minecraft:iron_helmet":1,"minecraft:golden_pickaxe":1,"new_ores_1_20_1:sapphire_pickaxe":2},"minecraft:dropped":{"minecraft:porkchop":2,"minecraft:iron_ingot":3,"minecraft:bread":9,"minecraft:brown_mushroom":3,"minecraft:wheat_seeds":15,"minecraft:golden_pickaxe":1,"minecraft:diamond":1,"minecraft:dark_oak_sapling":2,"minecraft:cobblestone":3,"new_ores_1_20_1:ruby_pickaxe":1,"minecraft:amethyst_block":14,"travelersbackpack:standard":2,"travelersbackpack:dragon":1,"minecraft:red_mushroom":23,"minecraft:stick":4,"new_ores_1_20_1:sunstone_armor_chestplate":1,"minecraft:flowering_azalea":1,"gravestone:obituary":4,"minecraft:wooden_sword":1,"new_ores_1_20_1:sapphire_pickaxe":3,"eeeabsmobs:soul_summoning_necklace":1,"minecraft:birch_log":3,"minecraft:gold_ingot":1,"minecraft:oak_door":1,"minecraft:kelp":1,"uniquedungeons:ancient_note":1,"minecraft:cobbled_deepslate":408,"minecraft:nether_brick":3,"minecraft:tuff":2,"minecraft:rotten_flesh":2,"minecraft:carrot":1,"minecraft:big_dripleaf":3,"minecraft:shield":1,"undead_revamp2:heavytooth":1,"minecraft:andesite":7,"new_ores_1_20_1:sapphire_ore":8,"minecraft:leather_boots":1,"minecraft:chest":2,"minecraft:leather_leggings":1,"minecraft:bow":2,"new_ores_1_20_1:sapphire_sword":1,"minecraft:egg":2},"minecraft:picked_up":{"minecraft:anvil":1,"minecraft:crafting_table":5,"minecraft:iron_chestplate":2,"minecraft:black_carpet":1,"new_ores_1_20_1:deepslate_bronze_ore":33,"minecraft:iron_trapdoor":2,"travelersbackpack:dragon":1,"minecraft:brown_mushroom":3,"eeeabsmobs:soul_summoning_necklace":1,"minecraft:diamond_sword":1,"minecraft:wooden_pickaxe":1,"new_ores_1_20_1:sapphire":1,"gravestone:obituary":2,"minecraft:chain":6,"minecraft:amethyst_block":19,"minecraft:moss_carpet":3,"minecraft:polished_deepslate":29,"minecraft:string":3,"horror_element_mod:redstone_trigerrer":1,"minecraft:smooth_stone_slab":33,"minecraft:iron_leggings":1,"minecraft:quartz_slab":17,"new_ores_1_20_1:onyx_armor_boots":1,"minecraft:cracked_stone_bricks":3,"minecraft:cobbled_deepslate":529,"minecraft:spruce_planks":11,"minecraft:horn_coral_block":1,"minecraft:beef":4,"minecraft:redstone_torch":1,"minecraft:light_gray_wool":1,"minecraft:enchanted_golden_apple":128,"minecraft:furnace":2,"minecraft:iron_boots":1,"minecraft:egg":3,"minecraft:dark_oak_sapling":2,"minecraft:raw_iron":30,"minecraft:oak_door":1,"minecraft:copper_ingot":3,"new_ores_1_20_1:tanzanite_ore":9,"minecraft:big_dripleaf":3,"minecraft:torch":75,"new_ores_1_20_1:sapphire_sword":1,"horror_element_mod:blood_9":2,"minecraft:lightning_rod":21,"horror_element_mod:blood_8":1,"uniquedungeons:ancient_note":1,"minecraft:carrot":1,"minecraft:redstone":62,"minecraft:prismarine_crystals":3,"minecraft:stone_pressure_plate":12,"minecraft:dark_oak_planks":3,"new_ores_1_20_1:sapphire_pickaxe":1,"minecraft:quartz_block":6,"minecraft:arrow":16,"minecraft:rotten_flesh":83,"new_ores_1_20_1:angelite_ore":8,"minecraft:hay_block":30,"minecraft:cracked_deepslate_bricks":1,"minecraft:mangrove_roots":15,"minecraft:gold_ingot":7,"minecraft:mutton":8,"minecraft:iron_bars":1,"minecraft:cracked_deepslate_tiles":1,"minecraft:white_wool":4,"minecraft:cobblestone":152,"new_ores_1_20_1:sapphire_ore":24,"minecraft:nautilus_shell":1,"minecraft:birch_log":8,"new_ores_1_20_1:onyx_armor_chestplate":1,"minecraft:magma_block":3,"minecraft:iron_door":4,"minecraft:andesite":7,"minecraft:black_bed":1,"minecraft:leather":1,"minecraft:red_mushroom":23,"minecraft:tuff":2,"minecraft:oak_log":22,"undead_revamp2:huntereye":2,"horror_element_mod:villager_head":1,"minecraft:gunpowder":5,"minecraft:dirt":68,"minecraft:bone":27,"minecraft:stone_bricks":2,"undead_revamp2:blacpetalblock":1,"minecraft:kelp":1,"minecraft:bow":3,"minecraft:wheat_seeds":15,"minecraft:iron_ingot":5,"minecraft:moss_block":1,"new_ores_1_20_1:sunstone_armor_chestplate":1,"minecraft:oak_planks":3,"minecraft:flowering_azalea":1,"minecraft:dark_oak_stairs":1,"new_ores_1_20_1:onyx_armor_leggings":1,"horror_element_mod:blood_7":3,"minecraft:raw_iron_block":1,"new_ores_1_20_1:onyx_armor_helmet":1,"new_ores_1_20_1:ruby_pickaxe":1,"new_ores_1_20_1:topaz_ore":16,"minecraft:white_bed":1,"minecraft:dark_oak_log":10,"undead_revamp2:heavytooth":2,"undead_revamp2:rawbostrox":3,"man:tearoftheman":2,"travelersbackpack:standard":3,"horror_element_mod:blood_2":3,"minecraft:diamond":41,"minecraft:soul_lantern":1,"minecraft:lever":1,"minecraft:writable_book":1,"minecraft:iron_helmet":1,"new_ores_1_20_1:turmaline_ore":7,"minecraft:bread":3,"minecraft:black_wool":1,"minecraft:coal":24},"minecraft:killed":{"endofherobrine:silverfish":5,"undead_revamp2:thehunter":6,"minecraft:spider":2,"undead_revamp2:thesmoker":1,"minecraft:skeleton":17,"undead_revamp2:therod":1,"minecraft:drowned":4,"undead_revamp2:sucker":1,"minecraft:wolf":1,"undead_revamp2:the_moonflower":1,"eeeabsmobs:corpse_to_player":1,"undead_revamp2:theheavy":1,"minecraft:creeper":7,"minecraft:sheep":4,"undead_revamp2:thesomnolence":1,"minecraft:zombie":36,"minecraft:cow":3},"minecraft:custom":{"minecraft:mob_kills":96,"minecraft:animals_bred":1,"minecraft:inspect_hopper":1,"minecraft:interact_with_crafting_table":24,"minecraft:open_barrel":8,"minecraft:damage_dealt_resisted":816,"minecraft:leave_game":4,"minecraft:time_since_death":50107,"minecraft:damage_resisted":1573,"minecraft:climb_one_cm":3800,"minecraft:sprint_one_cm":295854,"minecraft:walk_one_cm":1095715,"minecraft:drop":92,"minecraft:talked_to_villager":9,"minecraft:deaths":1,"minecraft:play_time":262462,"minecraft:sneak_time":7825,"minecraft:walk_under_water_one_cm":48230,"minecraft:interact_with_lectern":3,"minecraft:boat_one_cm":52010,"minecraft:jump":3394,"minecraft:interact_with_blast_furnace":1,"minecraft:walk_on_water_one_cm":42734,"minecraft:total_world_time":262462,"minecraft:interact_with_furnace":25,"minecraft:interact_with_grindstone":1,"minecraft:sleep_in_bed":7,"minecraft:time_since_rest":19623,"minecraft:damage_taken":3364,"minecraft:damage_absorbed":4229,"minecraft:damage_dealt":21390,"minecraft:swim_one_cm":100374,"minecraft:fly_one_cm":324681,"minecraft:open_chest":69,"minecraft:crouch_one_cm":28068,"minecraft:interact_with_smoker":5,"minecraft:fall_one_cm":59639,"minecraft:inspect_dispenser":1,"minecraft:horse_one_cm":1754}},"DataVersion":3465}