{"stats":{"minecraft:killed_by":{"spore:volatile":3,"spore:inf_villager":1,"spore:wendigo":1,"spore:umarmed":1,"spore:wave":1},"minecraft:killed":{"endofherobrine:silverfish":5,"minecraft:witch":1,"spore:braiomil":1,"minecraft:spider":6,"undead_revamp2:thesmoker":2,"undead_revamp2:theswarmer":1,"minecraft:skeleton":27,"undead_revamp2:therod":1,"spore:delusioner":3,"minecraft:wolf":1,"minecraft:pig":1,"spore:inf_player":1,"man:managgresive":1,"undead_revamp2:theheavy":1,"minecraft:creeper":10,"minecraft:sheep":6,"spore:inf_villager":1,"minecraft:trader_llama":2,"minecraft:pillager":7,"spore:inf_human":4,"minecraft:zombie":52,"endofherobrine:cow":4,"minecraft:cow":8,"minecraft:vex":1,"minecraft:evoker":1,"undead_revamp2:thehunter":11,"minecraft:vindicator":3,"undead_revamp2:bomber":1,"minecraft:horse":2,"minecraft:drowned":4,"spore:braurei":1,"undead_revamp2:sucker":6,"endofherobrine:villager":1,"undead_revamp2:the_moonflower":8,"eeeabsmobs:corpse_to_player":2,"minecraft:ravager":2,"spore:inf_pillager":2,"undead_revamp2:thesomnolence":1,"spore:busser":1},"minecraft:mined":{"minecraft:dark_oak_planks":15,"minecraft:spruce_planks":15,"minecraft:large_amethyst_bud":1,"horror_element_mod:self_terminated_body":1,"minecraft:farmland":13,"spore:wall_growths":17,"minecraft:stone_pressure_plate":7,"minecraft:sculk_vein":22,"minecraft:cobblestone_stairs":1,"new_ores_1_20_1:deepslate_bronze_ore":26,"rechiseled:dirt_tiles":20,"spore:calcified_biomass_block":10,"minecraft:grass_block":1301,"minecraft:budding_amethyst":1,"spore:fungal_stem":20,"minecraft:cracked_polished_blackstone_bricks":3,"horror_element_mod:bloody_tombstone":1,"minecraft:soul_soil":3,"minecraft:deepslate_tile_stairs":4,"spore:fungal_shell":2,"minecraft:tube_coral_block":1,"minecraft:hopper":3,"spore:infested_dirt":43,"minecraft:oxeye_daisy":83,"minecraft:light_blue_stained_glass":3,"spore:mycelium_veins":1,"horror_element_mod:rotten_body":1,"minecraft:smooth_stone":3,"minecraft:raw_iron_block":1,"minecraft:magma_block":3,"minecraft:sculk_catalyst":20,"horror_element_mod:villager_head":4,"spore:infested_stone":66,"minecraft:iron_ore":12,"minecraft:sticky_piston":1,"minecraft:fire":5,"minecraft:cobbled_deepslate":12,"minecraft:anvil":2,"minecraft:moss_carpet":9,"minecraft:black_carpet":2,"minecraft:deepslate_lapis_ore":9,"spore:growth_mycelium":31,"minecraft:azure_bluet":45,"minecraft:dark_oak_stairs":1,"minecraft:enchanting_table":2,"minecraft:sculk_shrieker":3,"minecraft:skeleton_wall_skull":2,"minecraft:iron_bars":2,"minecraft:quartz_slab":34,"minecraft:black_candle":11,"minecraft:green_carpet":19,"horror_element_mod:crucified_body":1,"new_ores_1_20_1:bronze_ore":1,"horror_element_mod:hazzmat_head":1,"horror_element_mod:redstone_trigerrer":1,"minecraft:deepslate_redstone_ore":77,"horror_element_mod:impaled_skeleton":1,"minecraft:brown_mushroom":1,"minecraft:quartz_block":264,"horror_element_mod:beheaded_body":1,"minecraft:smoker":1,"minecraft:soul_lantern":8,"new_ores_1_20_1:steel_ore":4,"spore:growths_big":18,"minecraft:clay":13,"new_ores_1_20_1:moonstone_block":2,"minecraft:torch":7,"minecraft:note_block":52,"minecraft:calcite":3,"minecraft:poppy":19,"minecraft:chest":5,"minecraft:mushroom_stem":4,"minecraft:glass":5,"minecraft:cobblestone":18,"spore:biomass_block":25,"new_ores_1_20_1:angelite_ore":8,"minecraft:oak_planks":17,"new_ores_1_20_1:topaz_ore":15,"minecraft:iron_door":4,"minecraft:wall_torch":8,"minecraft:amethyst_block":12,"minecraft:skeleton_skull":1,"minecraft:seagrass":4,"minecraft:birch_log":142,"horror_element_mod:spiked_villager":1,"minecraft:wheat":247,"minecraft:black_bed":1,"minecraft:smooth_stone_slab":29,"minecraft:wither_rose":9,"minecraft:grass":504,"minecraft:cracked_deepslate_tiles":3,"minecraft:oak_log":624,"horror_element_mod:dead_cow":2,"minecraft:oak_fence_gate":1,"minecraft:dirt":2313,"minecraft:sand":125,"spore:hanging_fungal_stem":1,"minecraft:smooth_basalt":1,"minecraft:red_mushroom_block":27,"minecraft:stonecutter":1,"minecraft:netherrack":33,"minecraft:oak_leaves":131,"minecraft:deepslate":5390,"minecraft:emerald_block":2,"minecraft:tuff":247,"spore:wall_growths_big":32,"minecraft:quartz_stairs":2,"minecraft:mossy_cobblestone":1,"minecraft:deepslate_diamond_ore":39,"minecraft:oak_door":1,"minecraft:dark_oak_log":14,"minecraft:cyan_stained_glass":4,"minecraft:mangrove_roots":13,"minecraft:sea_lantern":2,"minecraft:glow_lichen":21,"minecraft:chiseled_bookshelf":4,"minecraft:dark_oak_fence":3,"spore:rooted_biomass":15,"horror_element_mod:blood_2":3,"spore:sicken_biomass_block":11,"minecraft:moss_block":7,"minecraft:kelp":1,"spore:growths_small":16,"horror_element_mod:atmosphere_block":1,"minecraft:hay_block":48,"horror_element_mod:herobrine_head":2,"minecraft:large_fern":2,"minecraft:spore_blossom":2,"minecraft:furnace":11,"spore:blomfung":14,"minecraft:andesite":8,"spore:organite":1,"minecraft:gold_block":3,"minecraft:peony":2,"minecraft:polished_deepslate":101,"minecraft:bookshelf":15,"minecraft:potatoes":12,"minecraft:deepslate_iron_ore":56,"minecraft:vine":15,"spore:gastric_biomass_block":6,"minecraft:smooth_quartz_stairs":4,"spore:biomass_bulb":20,"minecraft:stone":936,"new_ores_1_20_1:turmaline_ore":7,"minecraft:white_wool":1,"minecraft:podzol":1,"minecraft:smithing_table":1,"minecraft:scaffolding":1,"minecraft:glass_pane":1,"minecraft:hanging_roots":5,"new_ores_1_20_1:moonstone_ore":6,"travelersbackpack:standard":1,"minecraft:oak_fence":6,"minecraft:crafting_table":4,"minecraft:cornflower":2,"minecraft:emerald_ore":1,"horror_element_mod:hanging_corpse_1":1,"minecraft:lightning_rod":7,"minecraft:tall_grass":68,"new_ores_1_20_1:sapphire_ore":16,"minecraft:deepslate_gold_ore":26,"endofherobrine:mossy_stone_bricks":4,"minecraft:cracked_deepslate_bricks":8,"minecraft:sculk":18,"minecraft:diorite":19,"horror_element_mod:impaled_head":2,"minecraft:birch_planks":6,"minecraft:gray_wool":16,"new_ores_1_20_1:sunstone_block":3,"new_ores_1_20_1:sunstone_ore":5,"spore:bloomfung2":39,"new_ores_1_20_1:tanzanite_ore":9,"minecraft:gray_bed":2,"minecraft:birch_leaves":18,"spore:fungal_stem_top":8,"new_ores_1_20_1:ruby_ore":3,"minecraft:coal_ore":101,"minecraft:mycelium":270,"uniquedungeons:pedestal":1,"horror_element_mod:hospital_bed":1,"minecraft:gravel":62,"spore:mycelium_block":1,"minecraft:cracked_stone_bricks":5,"minecraft:polished_andesite":1,"minecraft:stone_bricks":96,"spore:fungal_roots":2,"minecraft:iron_trapdoor":3},"minecraft:custom":{"minecraft:animals_bred":119,"minecraft:interact_with_crafting_table":66,"minecraft:open_barrel":11,"minecraft:eat_cake_slice":2,"minecraft:leave_game":20,"minecraft:time_since_death":7385,"minecraft:damage_resisted":3670,"minecraft:sprint_one_cm":948634,"minecraft:drop":193,"minecraft:play_noteblock":72,"minecraft:talked_to_villager":16,"minecraft:play_time":698700,"minecraft:deaths":9,"minecraft:jump":9340,"minecraft:interact_with_brewingstand":1,"minecraft:walk_on_water_one_cm":75125,"minecraft:interact_with_furnace":86,"minecraft:sleep_in_bed":46,"tombstone:sneak_grave":1,"minecraft:damage_dealt":51088,"minecraft:crouch_one_cm":59088,"tombstone:undead_killed":1,"minecraft:interact_with_smoker":7,"minecraft:inspect_dispenser":1,"minecraft:horse_one_cm":17319,"minecraft:interact_with_smithing_table":8,"minecraft:mob_kills":205,"minecraft:inspect_hopper":1,"minecraft:damage_dealt_resisted":1415,"minecraft:climb_one_cm":5486,"minecraft:walk_one_cm":2978695,"minecraft:damage_dealt_absorbed":160,"minecraft:raid_win":1,"minecraft:sneak_time":17875,"minecraft:walk_under_water_one_cm":56363,"minecraft:interact_with_lectern":3,"minecraft:boat_one_cm":52010,"minecraft:interact_with_blast_furnace":1,"minecraft:total_world_time":698700,"minecraft:tune_noteblock":1,"minecraft:raid_trigger":1,"minecraft:interact_with_grindstone":1,"minecraft:time_since_rest":7137,"minecraft:damage_taken":11750,"minecraft:damage_absorbed":8554,"minecraft:trigger_trapped_chest":12,"minecraft:swim_one_cm":133379,"minecraft:fly_one_cm":1200467,"minecraft:open_chest":301,"minecraft:fall_one_cm":189047},"minecraft:broken":{"new_ores_1_20_1:onyx_armor_boots":1,"minecraft:iron_boots":1,"minecraft:iron_chestplate":1,"minecraft:iron_leggings":1,"sanitydim:garland":1,"new_ores_1_20_1:onyx_armor_leggings":1,"new_ores_1_20_1:onyx_armor_helmet":1,"new_ores_1_20_1:ruby_armor_helmet":1,"new_ores_1_20_1:sapphire_shovel":1,"minecraft:stone_hoe":2,"minecraft:iron_helmet":1,"minecraft:golden_pickaxe":1,"new_ores_1_20_1:sapphire_pickaxe":2,"new_ores_1_20_1:onyx_armor_chestplate":1},"minecraft:crafted":{"minecraft:oak_planks":1503,"travelersbackpack:crafting_upgrade":1,"minecraft:birch_boat":2,"new_ores_1_20_1:sapphire_shovel":2,"minecraft:cooked_mutton":10,"minecraft:glass":44,"minecraft:bow":2,"minecraft:chest":15,"new_ores_1_20_1:sapphire_axe":1,"minecraft:stone_hoe":4,"minecraft:oak_fence":3,"minecraft:gray_bed":2,"travelersbackpack:iron_tier_upgrade":1,"minecraft:cooked_porkchop":8,"minecraft:crafting_table":8,"travelersbackpack:standard":3,"minecraft:golden_pickaxe":2,"minecraft:birch_planks":452,"minecraft:birch_fence":3,"minecraft:stick":100,"minecraft:iron_ingot":39,"minecraft:iron_pickaxe":1,"minecraft:gold_ingot":8,"minecraft:raw_iron":9,"minecraft:furnace":15,"minecraft:bone_meal":33,"travelersbackpack:blank_upgrade":4,"travelersbackpack:gold_tier_upgrade":1,"minecraft:dark_oak_fence":3,"minecraft:iron_axe":1,"new_ores_1_20_1:sapphire_sword":1,"minecraft:stone_pickaxe":1,"minecraft:dark_oak_planks":56,"minecraft:lead":4,"new_ores_1_20_1:sapphire_pickaxe":5,"travelersbackpack:diamond_tier_upgrade":1,"minecraft:wheat":431,"minecraft:cooked_beef":3,"travelersbackpack:backpack_tank":2,"minecraft:bread":21,"minecraft:air":0,"minecraft:oak_fence_gate":23,"minecraft:torch":56,"new_ores_1_20_1:sapphire":16},"minecraft:used":{"minecraft:polished_deepslate":12,"minecraft:black_carpet":1,"spore:biomass_block":3,"minecraft:chest":17,"minecraft:rotten_flesh":68,"rechiseled:dirt_tiles":24,"sanitydim:garland":5,"horror_element_mod:blood_8":1,"minecraft:milk_bucket":1,"horror_element_mod:human_remains":4,"new_ores_1_20_1:onyx_armor_boots":1,"minecraft:quartz_slab":17,"horror_element_mod:villager_head":4,"minecraft:birch_sapling":12,"minecraft:quartz_block":5,"new_ores_1_20_1:onyx_armor_helmet":6,"minecraft:stone_bricks":2,"minecraft:magma_block":4,"minecraft:bow":2,"minecraft:oak_sapling":50,"new_ores_1_20_1:sapphire_sword":612,"minecraft:furnace":25,"minecraft:gray_bed":4,"minecraft:gold_block":4,"minecraft:skeleton_skull":6,"minecraft:egg":1,"horror_element_mod:atmosphere_block":1,"horror_element_mod:blood_9":2,"minecraft:potato":60,"horror_element_mod:blood_1":3,"minecraft:cow_spawn_egg":1,"minecraft:oak_planks":297,"minecraft:stone_pickaxe":14,"horror_element_mod:impaled_head":2,"travelersbackpack:dragon":1,"minecraft:white_wool":1,"dungeons_plus:warped_axe":228,"minecraft:black_bed":1,"minecraft:lightning_rod":25,"horror_element_mod:blood_2":3,"spore:calcified_biomass_block":4,"minecraft:birch_fence":3,"minecraft:redstone_torch":1,"new_ores_1_20_1:onyx_armor_leggings":1,"minecraft:dark_oak_log":1,"horror_element_mod:hazzmat_head":1,"minecraft:bread":7,"minecraft:spore_blossom":2,"tombstone:grave_key":3,"minecraft:gravel":22,"minecraft:soul_lantern":10,"minecraft:diamond_sword":166,"minecraft:dark_oak_fence":6,"minecraft:smithing_table":1,"minecraft:smooth_stone_slab":12,"horror_element_mod:redstone_trigerrer":1,"minecraft:golden_pickaxe":32,"minecraft:bone_meal":33,"minecraft:cobweb":6,"minecraft:oak_fence":6,"minecraft:cracked_deepslate_bricks":5,"minecraft:armor_stand":1,"undead_revamp2:blacpetalblock":1,"minecraft:spruce_planks":6,"minecraft:stone_hoe":345,"minecraft:netherrack":23,"minecraft:torch":143,"minecraft:dirt":1454,"new_ores_1_20_1:sapphire_pickaxe":7800,"minecraft:oak_fence_gate":24,"minecraft:dark_oak_planks":5,"minecraft:iron_axe":14,"horror_element_mod:bloody_tombstone":3,"minecraft:light_gray_wool":1,"tombstone:gift":8,"minecraft:beef":7,"minecraft:horn_coral_block":1,"minecraft:soul_soil":39,"minecraft:cooked_beef":3,"minecraft:cobbled_deepslate":71,"minecraft:stone_pressure_plate":1,"minecraft:enchanted_golden_apple":100,"minecraft:wheat_seeds":435,"minecraft:cooked_mutton":13,"minecraft:water_bucket":9,"minecraft:amethyst_block":5,"minecraft:birch_planks":56,"minecraft:baked_potato":6,"minecraft:birch_boat":2,"minecraft:cracked_stone_bricks":3,"minecraft:gilded_blackstone":4,"minecraft:mossy_cobblestone":1,"minecraft:crafting_table":13,"new_ores_1_20_1:sapphire_shovel":3972,"minecraft:red_bed":1,"new_ores_1_20_1:onyx_armor_chestplate":1,"minecraft:oak_log":81,"minecraft:black_wool":1,"minecraft:oxeye_daisy":36,"new_ores_1_20_1:sapphire_axe":1214,"minecraft:iron_pickaxe":5,"minecraft:cobblestone":78,"travelersbackpack:standard":28,"minecraft:porkchop":2,"minecraft:cooked_porkchop":8,"minecraft:bucket":9,"horror_element_mod:herobrine_head":2,"spore:rooted_biomass":3,"minecraft:black_candle":21,"minecraft:polished_blackstone_button":1,"minecraft:wither_rose":9,"horror_element_mod:blood_7":4,"minecraft:splash_potion":2,"minecraft:smooth_stone":2,"minecraft:moss_carpet":3,"minecraft:writable_book":3},"minecraft:picked_up":{"minecraft:iron_chestplate":2,"minecraft:wheat":230,"minecraft:black_carpet":3,"minecraft:anvil":2,"spore:calcified_biomass_block":9,"minecraft:iron_trapdoor":5,"spore:sicken_biomass_block":9,"travelersbackpack:dragon":1,"eeeabsmobs:soul_summoning_necklace":1,"minecraft:smithing_table":1,"minecraft:lead":28,"minecraft:diamond_sword":1,"new_ores_1_20_1:sapphire":7,"minecraft:wither_rose":10,"spore:fungal_shell":1,"minecraft:amethyst_block":19,"minecraft:polished_deepslate":96,"minecraft:string":8,"minecraft:soul_soil":3,"minecraft:smooth_stone_slab":35,"minecraft:iron_leggings":1,"minecraft:armor_stand":1,"minecraft:smooth_stone":4,"minecraft:cobbled_deepslate":529,"minecraft:spruce_planks":13,"minecraft:horn_coral_block":1,"minecraft:redstone_torch":2,"minecraft:enchanted_golden_apple":128,"minecraft:smooth_quartz_stairs":4,"minecraft:iron_boots":1,"minecraft:furnace":10,"minecraft:stick":113,"new_ores_1_20_1:tanzanite_ore":9,"minecraft:big_dripleaf":3,"minecraft:oak_fence":4,"minecraft:torch":97,"minecraft:porkchop":2,"horror_element_mod:blood_9":2,"minecraft:lightning_rod":25,"new_ores_1_20_1:sapphire_sword":1,"spore:biomass":36,"horror_element_mod:blood_8":1,"minecraft:deepslate_tile_stairs":6,"horror_element_mod:herobrine_head":2,"new_ores_1_20_1:sapphire_pickaxe":2,"minecraft:quartz_block":262,"minecraft:rotten_flesh":169,"new_ores_1_20_1:moonstone_block":1,"new_ores_1_20_1:angelite_ore":8,"minecraft:cow_spawn_egg":1,"minecraft:mangrove_roots":15,"minecraft:iron_bars":2,"minecraft:cobblestone":618,"new_ores_1_20_1:sapphire_ore":24,"minecraft:nautilus_shell":1,"minecraft:birch_log":146,"minecraft:enchanting_table":1,"minecraft:magma_block":5,"minecraft:leather_chestplate":1,"minecraft:iron_door":4,"minecraft:water_bucket":2,"minecraft:andesite":7,"minecraft:black_bed":2,"minecraft:brown_wool":1,"minecraft:potato":49,"minecraft:flint":2,"minecraft:skull_banner_pattern":1,"minecraft:tuff":2,"undead_revamp2:huntereye":2,"horror_element_mod:villager_head":4,"new_ores_1_20_1:moonstone_ore":4,"minecraft:dirt":2835,"minecraft:bone":40,"horror_element_mod:hazzmat_head":1,"undead_revamp2:blacpetalblock":1,"minecraft:stonecutter":1,"minecraft:bow":5,"minecraft:wheat_seeds":646,"rechiseled:chisel":1,"minecraft:moss_block":1,"spore:biomass_block":20,"new_ores_1_20_1:sunstone_armor_chestplate":1,"minecraft:oak_planks":23,"minecraft:stone_hoe":3,"spore:cerebrum":3,"spore:armor_fragment":1,"new_ores_1_20_1:onyx_armor_helmet":1,"minecraft:sand":159,"new_ores_1_20_1:ruby_pickaxe":1,"new_ores_1_20_1:topaz_ore":16,"minecraft:dark_oak_log":24,"minecraft:mossy_cobblestone":1,"undead_revamp2:heavytooth":2,"man:tearoftheman":2,"spore:claw_fragment":15,"minecraft:polished_andesite":1,"minecraft:sugar":1,"horror_element_mod:blood_2":3,"minecraft:diamond":41,"minecraft:polished_blackstone_button":1,"minecraft:soul_lantern":9,"minecraft:lever":1,"minecraft:writable_book":2,"minecraft:cracked_polished_blackstone_bricks":1,"new_ores_1_20_1:sunstone_block":2,"minecraft:emerald":6,"minecraft:bread":3,"spore:spine_fragment":5,"minecraft:oak_sapling":59,"minecraft:netherrack":27,"minecraft:dark_oak_fence":3,"minecraft:crafting_table":5,"minecraft:azure_bluet":59,"new_ores_1_20_1:deepslate_bronze_ore":33,"minecraft:clay_ball":16,"minecraft:brown_mushroom":18,"minecraft:wooden_pickaxe":1,"minecraft:gold_block":3,"minecraft:chain":6,"horror_element_mod:redstone_trigerrer":1,"minecraft:red_bed":1,"minecraft:moss_carpet":3,"minecraft:quartz_slab":34,"new_ores_1_20_1:onyx_armor_boots":1,"minecraft:cracked_stone_bricks":3,"minecraft:beef":14,"minecraft:poppy":37,"minecraft:light_gray_wool":1,"minecraft:quartz_stairs":2,"minecraft:chest":5,"minecraft:birch_sapling":13,"minecraft:egg":10,"rechiseled:dirt_tiles":20,"minecraft:dark_oak_sapling":2,"minecraft:raw_iron":30,"minecraft:oak_door":1,"spore:wing_membrane":2,"minecraft:copper_ingot":6,"minecraft:note_block":57,"minecraft:carrot":1,"uniquedungeons:ancient_note":1,"minecraft:redstone":62,"minecraft:prismarine_crystals":3,"minecraft:stone_pressure_plate":13,"minecraft:dark_oak_planks":36,"new_ores_1_20_1:sunstone_ore":4,"horror_element_mod:impaled_head":2,"minecraft:arrow":25,"minecraft:peony":2,"minecraft:hay_block":51,"minecraft:cracked_deepslate_bricks":8,"spore:gastric_biomass_block":3,"minecraft:saddle":2,"minecraft:gold_ingot":7,"minecraft:totem_of_undying":1,"spore:alveolic_sack":4,"minecraft:mutton":26,"minecraft:skeleton_skull":3,"minecraft:white_wool":5,"minecraft:oxeye_daisy":135,"minecraft:cracked_deepslate_tiles":1,"new_ores_1_20_1:onyx_armor_chestplate":1,"spore:altered_spleen":2,"minecraft:dark_oak_button":2,"spore:rooted_biomass":14,"horror_element_mod:atmosphere_block":1,"spore:infested_stone":6,"minecraft:leather":10,"spore:mycelium_block":1,"minecraft:red_mushroom":23,"uniquedungeons:ceramic_shard":4,"minecraft:birch_planks":6,"minecraft:oak_log":624,"minecraft:gunpowder":10,"sanitydim:garland":2,"minecraft:white_banner":3,"minecraft:apple":12,"minecraft:stone_bricks":65,"minecraft:kelp":1,"horror_element_mod:bloody_tombstone":1,"minecraft:spore_blossom":2,"minecraft:iron_ingot":8,"minecraft:oak_fence_gate":1,"spore:spine":1,"spore:mutated_fiber":59,"minecraft:gray_bed":2,"minecraft:flowering_azalea":1,"minecraft:dark_oak_stairs":1,"minecraft:book":45,"minecraft:black_candle":15,"new_ores_1_20_1:onyx_armor_leggings":1,"minecraft:emerald_block":2,"horror_element_mod:blood_7":3,"minecraft:raw_iron_block":1,"minecraft:gravel":22,"minecraft:white_bed":1,"minecraft:green_carpet":18,"minecraft:spider_eye":2,"undead_revamp2:rawbostrox":3,"travelersbackpack:standard":4,"minecraft:iron_helmet":1,"new_ores_1_20_1:turmaline_ore":7,"minecraft:gray_wool":16,"minecraft:baked_potato":10,"minecraft:black_wool":1,"minecraft:coal":98,"spore:mutated_heart":5,"minecraft:hopper":3},"minecraft:dropped":{"minecraft:brown_mushroom":17,"minecraft:birch_planks":4,"minecraft:moss_block":1,"minecraft:porkchop":2,"minecraft:dark_oak_stairs":3,"minecraft:golden_pickaxe":1,"minecraft:diamond":2,"minecraft:dark_oak_sapling":2,"new_ores_1_20_1:ruby_pickaxe":1,"minecraft:dark_oak_button":2,"travelersbackpack:standard":2,"minecraft:red_mushroom":23,"minecraft:emerald":3,"minecraft:deepslate_tile_stairs":6,"minecraft:dirt":210,"minecraft:mutton":16,"minecraft:wooden_sword":1,"minecraft:writable_book":2,"minecraft:sand":6,"minecraft:dark_oak_planks":2,"eeeabsmobs:soul_summoning_necklace":1,"minecraft:birch_log":3,"minecraft:gold_ingot":1,"minecraft:oak_door":1,"minecraft:mangrove_roots":15,"minecraft:lever":1,"minecraft:cobbled_deepslate":409,"minecraft:nether_brick":3,"minecraft:birch_sapling":1,"minecraft:rotten_flesh":18,"minecraft:oak_planks":196,"minecraft:azure_bluet":3,"minecraft:carrot":1,"minecraft:poppy":15,"minecraft:gunpowder":7,"minecraft:leather_boots":1,"minecraft:chest":2,"minecraft:leather_leggings":1,"minecraft:arrow":2,"minecraft:egg":4,"minecraft:stone_hoe":3,"minecraft:iron_ingot":6,"minecraft:bread":9,"minecraft:wheat_seeds":290,"minecraft:cobblestone":212,"minecraft:lead":2,"minecraft:amethyst_block":14,"minecraft:copper_ingot":6,"travelersbackpack:dragon":1,"minecraft:stick":47,"minecraft:polished_andesite":1,"new_ores_1_20_1:sunstone_armor_chestplate":1,"minecraft:oxeye_daisy":20,"minecraft:iron_trapdoor":5,"spore:infested_stone":6,"minecraft:green_carpet":2,"minecraft:dried_kelp":6,"minecraft:wither_rose":1,"minecraft:flowering_azalea":1,"new_ores_1_20_1:sapphire_pickaxe":4,"minecraft:smooth_stone":2,"minecraft:string":1,"minecraft:bucket":1,"minecraft:polished_deepslate":6,"minecraft:kelp":1,"uniquedungeons:ancient_note":1,"minecraft:smooth_stone_slab":21,"minecraft:tuff":2,"minecraft:clay_ball":16,"rechiseled:dirt_tiles":19,"minecraft:big_dripleaf":3,"minecraft:shield":1,"man:tearoftheman":1,"undead_revamp2:heavytooth":1,"minecraft:spruce_planks":7,"minecraft:iron_chestplate":1,"minecraft:andesite":7,"sanitydim:garland":1,"new_ores_1_20_1:sapphire_ore":8,"minecraft:oak_sapling":8,"minecraft:redstone_torch":1,"minecraft:bow":2,"new_ores_1_20_1:sapphire_sword":1}},"DataVersion":3465}