{"stats":{"minecraft:crafted":{"minecraft:oak_planks":1483,"minecraft:birch_boat":2,"new_ores_1_20_1:sapphire_shovel":2,"minecraft:cooked_mutton":10,"minecraft:bow":2,"minecraft:chest":12,"new_ores_1_20_1:sapphire_axe":1,"minecraft:stone_hoe":4,"minecraft:oak_fence":3,"minecraft:gray_bed":2,"minecraft:cooked_porkchop":8,"minecraft:crafting_table":6,"minecraft:golden_pickaxe":2,"minecraft:birch_planks":452,"minecraft:birch_fence":3,"minecraft:stick":100,"minecraft:iron_ingot":39,"minecraft:iron_pickaxe":1,"minecraft:raw_iron":9,"minecraft:furnace":15,"minecraft:bone_meal":33,"minecraft:dark_oak_fence":3,"minecraft:iron_axe":1,"new_ores_1_20_1:sapphire_sword":1,"minecraft:stone_pickaxe":1,"minecraft:dark_oak_planks":40,"minecraft:lead":4,"new_ores_1_20_1:sapphire_pickaxe":5,"minecraft:cooked_beef":3,"minecraft:wheat":162,"minecraft:air":0,"minecraft:oak_fence_gate":23,"minecraft:torch":56,"new_ores_1_20_1:sapphire":16},"minecraft:used":{"minecraft:moss_carpet":3,"minecraft:writable_book":3,"minecraft:polished_deepslate":12,"minecraft:black_carpet":1,"minecraft:chest":12,"minecraft:rotten_flesh":66,"horror_element_mod:blood_8":1,"minecraft:milk_bucket":1,"new_ores_1_20_1:onyx_armor_boots":1,"horror_element_mod:human_remains":4,"minecraft:quartz_slab":17,"minecraft:birch_sapling":12,"horror_element_mod:villager_head":1,"minecraft:quartz_block":5,"new_ores_1_20_1:onyx_armor_helmet":1,"minecraft:stone_bricks":2,"minecraft:magma_block":2,"minecraft:bow":2,"minecraft:oak_sapling":50,"new_ores_1_20_1:sapphire_sword":433,"minecraft:furnace":17,"minecraft:gray_bed":3,"minecraft:gold_block":4,"minecraft:egg":1,"horror_element_mod:atmosphere_block":1,"horror_element_mod:blood_9":1,"horror_element_mod:blood_1":3,"minecraft:cow_spawn_egg":1,"minecraft:stone_pickaxe":14,"minecraft:oak_planks":297,"travelersbackpack:dragon":1,"minecraft:white_wool":1,"dungeons_plus:warped_axe":228,"horror_element_mod:blood_2":3,"minecraft:birch_fence":3,"minecraft:redstone_torch":1,"new_ores_1_20_1:onyx_armor_leggings":1,"minecraft:dark_oak_log":1,"minecraft:bread":3,"minecraft:gravel":22,"minecraft:soul_lantern":2,"minecraft:diamond_sword":166,"minecraft:dark_oak_fence":6,"minecraft:smooth_stone_slab":12,"horror_element_mod:redstone_trigerrer":1,"minecraft:bone_meal":33,"minecraft:golden_pickaxe":32,"minecraft:cobweb":6,"minecraft:oak_fence":6,"minecraft:cracked_deepslate_bricks":5,"minecraft:armor_stand":1,"undead_revamp2:blacpetalblock":1,"minecraft:spruce_planks":6,"minecraft:stone_hoe":345,"minecraft:netherrack":23,"minecraft:torch":133,"minecraft:dirt":1428,"minecraft:oak_fence_gate":24,"new_ores_1_20_1:sapphire_pickaxe":6933,"minecraft:dark_oak_planks":5,"minecraft:iron_axe":14,"horror_element_mod:bloody_tombstone":3,"minecraft:light_gray_wool":1,"minecraft:beef":4,"minecraft:horn_coral_block":1,"minecraft:stone_pressure_plate":1,"minecraft:cooked_beef":3,"minecraft:cobbled_deepslate":71,"minecraft:enchanted_golden_apple":66,"minecraft:wheat_seeds":56,"minecraft:cooked_mutton":10,"minecraft:water_bucket":6,"minecraft:amethyst_block":5,"minecraft:birch_planks":56,"minecraft:birch_boat":2,"minecraft:cracked_stone_bricks":3,"minecraft:mossy_cobblestone":1,"new_ores_1_20_1:sapphire_shovel":3069,"minecraft:crafting_table":12,"minecraft:red_bed":1,"new_ores_1_20_1:onyx_armor_chestplate":1,"minecraft:oak_log":1,"minecraft:black_wool":1,"minecraft:oxeye_daisy":36,"new_ores_1_20_1:sapphire_axe":919,"minecraft:iron_pickaxe":5,"minecraft:cobblestone":78,"travelersbackpack:standard":20,"minecraft:porkchop":2,"minecraft:cooked_porkchop":8,"minecraft:bucket":6,"horror_element_mod:herobrine_head":2,"minecraft:black_candle":13,"minecraft:polished_blackstone_button":1,"minecraft:wither_rose":8,"horror_element_mod:blood_7":3,"minecraft:smooth_stone":2,"minecraft:splash_potion":2},"minecraft:mined":{"minecraft:dark_oak_planks":15,"minecraft:farmland":13,"minecraft:large_amethyst_bud":1,"minecraft:spruce_planks":14,"minecraft:stone_pressure_plate":7,"horror_element_mod:self_terminated_body":1,"minecraft:cobblestone_stairs":1,"minecraft:sculk_vein":22,"new_ores_1_20_1:deepslate_bronze_ore":26,"minecraft:budding_amethyst":1,"minecraft:grass_block":1178,"minecraft:cracked_polished_blackstone_bricks":3,"horror_element_mod:bloody_tombstone":1,"minecraft:deepslate_tile_stairs":4,"minecraft:tube_coral_block":1,"minecraft:oxeye_daisy":72,"minecraft:light_blue_stained_glass":3,"horror_element_mod:rotten_body":1,"minecraft:smooth_stone":3,"minecraft:raw_iron_block":1,"minecraft:magma_block":3,"minecraft:sculk_catalyst":20,"horror_element_mod:villager_head":1,"minecraft:cobbled_deepslate":12,"minecraft:sticky_piston":1,"minecraft:fire":5,"minecraft:anvil":1,"minecraft:moss_carpet":9,"minecraft:black_carpet":2,"minecraft:deepslate_lapis_ore":9,"minecraft:azure_bluet":36,"minecraft:enchanting_table":1,"minecraft:dark_oak_stairs":1,"minecraft:sculk_shrieker":3,"minecraft:iron_bars":2,"minecraft:quartz_slab":17,"minecraft:black_candle":9,"minecraft:green_carpet":19,"horror_element_mod:crucified_body":1,"new_ores_1_20_1:bronze_ore":1,"horror_element_mod:redstone_trigerrer":1,"minecraft:deepslate_redstone_ore":77,"horror_element_mod:impaled_skeleton":1,"minecraft:brown_mushroom":1,"horror_element_mod:beheaded_body":1,"minecraft:soul_lantern":2,"minecraft:clay":13,"new_ores_1_20_1:moonstone_block":2,"minecraft:torch":7,"minecraft:note_block":52,"minecraft:calcite":3,"minecraft:poppy":19,"minecraft:chest":2,"minecraft:mushroom_stem":4,"minecraft:glass":2,"minecraft:cobblestone":18,"new_ores_1_20_1:angelite_ore":8,"minecraft:oak_planks":17,"new_ores_1_20_1:topaz_ore":15,"minecraft:iron_door":4,"minecraft:wall_torch":4,"minecraft:amethyst_block":12,"minecraft:seagrass":4,"minecraft:birch_log":142,"horror_element_mod:spiked_villager":1,"minecraft:wheat":15,"minecraft:smooth_stone_slab":29,"minecraft:wither_rose":9,"minecraft:grass":453,"minecraft:cracked_deepslate_tiles":3,"minecraft:oak_log":624,"horror_element_mod:dead_cow":2,"minecraft:oak_fence_gate":1,"minecraft:sand":125,"minecraft:dirt":1803,"minecraft:smooth_basalt":1,"minecraft:red_mushroom_block":27,"minecraft:stonecutter":1,"minecraft:netherrack":33,"minecraft:oak_leaves":131,"minecraft:deepslate":5390,"minecraft:emerald_block":2,"minecraft:tuff":247,"minecraft:mossy_cobblestone":1,"minecraft:deepslate_diamond_ore":39,"minecraft:oak_door":1,"minecraft:dark_oak_log":1,"minecraft:cyan_stained_glass":4,"minecraft:mangrove_roots":13,"minecraft:sea_lantern":2,"minecraft:glow_lichen":21,"gravestone:gravestone":2,"minecraft:chiseled_bookshelf":4,"minecraft:dark_oak_fence":3,"horror_element_mod:blood_2":3,"minecraft:moss_block":7,"minecraft:kelp":1,"horror_element_mod:herobrine_head":2,"horror_element_mod:atmosphere_block":1,"minecraft:large_fern":2,"minecraft:hay_block":48,"minecraft:furnace":3,"minecraft:andesite":8,"minecraft:gold_block":3,"minecraft:peony":2,"minecraft:polished_deepslate":60,"minecraft:bookshelf":6,"minecraft:deepslate_iron_ore":56,"minecraft:vine":15,"minecraft:stone":601,"new_ores_1_20_1:turmaline_ore":7,"minecraft:white_wool":1,"minecraft:smithing_table":1,"minecraft:podzol":1,"minecraft:scaffolding":1,"minecraft:glass_pane":1,"minecraft:hanging_roots":5,"new_ores_1_20_1:moonstone_ore":6,"minecraft:oak_fence":6,"minecraft:crafting_table":4,"minecraft:cornflower":2,"horror_element_mod:hanging_corpse_1":1,"minecraft:lightning_rod":2,"minecraft:tall_grass":56,"new_ores_1_20_1:sapphire_ore":16,"minecraft:deepslate_gold_ore":26,"endofherobrine:mossy_stone_bricks":4,"minecraft:cracked_deepslate_bricks":8,"minecraft:sculk":18,"minecraft:diorite":19,"minecraft:birch_planks":1,"minecraft:gray_wool":16,"new_ores_1_20_1:sunstone_ore":5,"new_ores_1_20_1:sunstone_block":3,"new_ores_1_20_1:tanzanite_ore":9,"minecraft:gray_bed":2,"minecraft:birch_leaves":18,"new_ores_1_20_1:ruby_ore":3,"minecraft:coal_ore":55,"minecraft:mycelium":2,"uniquedungeons:pedestal":1,"horror_element_mod:hospital_bed":1,"minecraft:gravel":62,"minecraft:cracked_stone_bricks":5,"minecraft:polished_andesite":1,"minecraft:stone_bricks":69,"minecraft:iron_trapdoor":2},"minecraft:broken":{"minecraft:iron_boots":1,"minecraft:iron_chestplate":1,"minecraft:iron_leggings":1,"new_ores_1_20_1:sapphire_shovel":1,"minecraft:stone_hoe":2,"minecraft:iron_helmet":1,"minecraft:golden_pickaxe":1,"new_ores_1_20_1:sapphire_pickaxe":2},"minecraft:dropped":{"minecraft:brown_mushroom":5,"minecraft:porkchop":2,"minecraft:birch_planks":4,"minecraft:golden_pickaxe":1,"minecraft:diamond":1,"minecraft:dark_oak_sapling":2,"new_ores_1_20_1:ruby_pickaxe":1,"minecraft:dark_oak_button":2,"travelersbackpack:standard":2,"minecraft:red_mushroom":23,"minecraft:deepslate_tile_stairs":6,"minecraft:dirt":26,"minecraft:mutton":16,"minecraft:writable_book":2,"gravestone:obituary":6,"minecraft:wooden_sword":1,"minecraft:dark_oak_planks":2,"eeeabsmobs:soul_summoning_necklace":1,"minecraft:birch_log":3,"minecraft:gold_ingot":1,"minecraft:oak_door":1,"minecraft:cobbled_deepslate":408,"minecraft:nether_brick":3,"minecraft:rotten_flesh":18,"minecraft:oak_planks":196,"minecraft:carrot":1,"minecraft:poppy":9,"minecraft:gunpowder":5,"minecraft:leather_boots":1,"minecraft:chest":2,"minecraft:leather_leggings":1,"minecraft:egg":4,"minecraft:stone_hoe":3,"minecraft:iron_ingot":6,"minecraft:bread":9,"minecraft:wheat_seeds":16,"minecraft:cobblestone":143,"minecraft:lead":2,"minecraft:amethyst_block":14,"travelersbackpack:dragon":1,"minecraft:polished_andesite":1,"minecraft:stick":47,"new_ores_1_20_1:sunstone_armor_chestplate":1,"minecraft:green_carpet":2,"minecraft:dried_kelp":6,"minecraft:wither_rose":1,"minecraft:flowering_azalea":1,"new_ores_1_20_1:sapphire_pickaxe":4,"minecraft:bucket":1,"minecraft:string":1,"minecraft:kelp":1,"uniquedungeons:ancient_note":1,"minecraft:tuff":2,"minecraft:big_dripleaf":3,"minecraft:shield":1,"man:tearoftheman":1,"undead_revamp2:heavytooth":1,"minecraft:spruce_planks":6,"minecraft:andesite":7,"new_ores_1_20_1:sapphire_ore":8,"minecraft:redstone_torch":1,"minecraft:bow":2,"new_ores_1_20_1:sapphire_sword":1},"minecraft:picked_up":{"minecraft:wheat":13,"minecraft:iron_chestplate":2,"minecraft:black_carpet":2,"minecraft:iron_trapdoor":2,"minecraft:anvil":1,"eeeabsmobs:soul_summoning_necklace":1,"travelersbackpack:dragon":1,"minecraft:smithing_table":1,"minecraft:lead":28,"minecraft:diamond_sword":1,"new_ores_1_20_1:sapphire":7,"minecraft:wither_rose":9,"minecraft:amethyst_block":19,"minecraft:polished_deepslate":54,"minecraft:string":8,"minecraft:smooth_stone_slab":35,"minecraft:iron_leggings":1,"minecraft:armor_stand":1,"minecraft:cobbled_deepslate":529,"minecraft:smooth_stone":3,"minecraft:spruce_planks":13,"minecraft:horn_coral_block":1,"minecraft:redstone_torch":2,"minecraft:enchanted_golden_apple":128,"minecraft:iron_boots":1,"minecraft:furnace":2,"minecraft:stick":113,"new_ores_1_20_1:tanzanite_ore":9,"minecraft:big_dripleaf":3,"minecraft:oak_fence":4,"minecraft:torch":81,"minecraft:porkchop":2,"horror_element_mod:blood_9":2,"new_ores_1_20_1:sapphire_sword":1,"minecraft:lightning_rod":21,"horror_element_mod:blood_8":1,"minecraft:deepslate_tile_stairs":6,"horror_element_mod:herobrine_head":2,"new_ores_1_20_1:sapphire_pickaxe":2,"minecraft:quartz_block":6,"minecraft:rotten_flesh":167,"new_ores_1_20_1:moonstone_block":1,"new_ores_1_20_1:angelite_ore":8,"minecraft:cow_spawn_egg":1,"minecraft:mangrove_roots":15,"minecraft:iron_bars":2,"minecraft:cobblestone":548,"new_ores_1_20_1:sapphire_ore":24,"minecraft:nautilus_shell":1,"minecraft:birch_log":146,"minecraft:magma_block":5,"minecraft:leather_chestplate":1,"minecraft:water_bucket":2,"minecraft:iron_door":4,"minecraft:andesite":7,"minecraft:black_bed":1,"minecraft:brown_wool":1,"minecraft:flint":2,"minecraft:skull_banner_pattern":1,"minecraft:tuff":2,"undead_revamp2:huntereye":2,"horror_element_mod:villager_head":1,"new_ores_1_20_1:moonstone_ore":4,"minecraft:dirt":2418,"minecraft:bone":38,"undead_revamp2:blacpetalblock":1,"minecraft:stonecutter":1,"minecraft:bow":5,"minecraft:wheat_seeds":106,"minecraft:moss_block":1,"minecraft:stone_hoe":3,"new_ores_1_20_1:sunstone_armor_chestplate":1,"minecraft:oak_planks":23,"minecraft:sand":113,"new_ores_1_20_1:onyx_armor_helmet":1,"new_ores_1_20_1:ruby_pickaxe":1,"new_ores_1_20_1:topaz_ore":16,"minecraft:dark_oak_log":11,"minecraft:mossy_cobblestone":1,"undead_revamp2:heavytooth":2,"man:tearoftheman":2,"minecraft:polished_andesite":1,"minecraft:sugar":1,"horror_element_mod:blood_2":3,"minecraft:diamond":41,"minecraft:polished_blackstone_button":1,"minecraft:soul_lantern":3,"minecraft:lever":1,"minecraft:writable_book":2,"minecraft:cracked_polished_blackstone_bricks":1,"new_ores_1_20_1:sunstone_block":2,"minecraft:emerald":3,"minecraft:bread":3,"minecraft:oak_sapling":59,"minecraft:netherrack":27,"minecraft:dark_oak_fence":3,"minecraft:crafting_table":5,"minecraft:azure_bluet":51,"new_ores_1_20_1:deepslate_bronze_ore":33,"minecraft:clay_ball":16,"minecraft:brown_mushroom":6,"minecraft:wooden_pickaxe":1,"minecraft:gold_block":3,"minecraft:chain":6,"gravestone:obituary":3,"minecraft:red_bed":1,"horror_element_mod:redstone_trigerrer":1,"minecraft:moss_carpet":3,"minecraft:quartz_slab":17,"new_ores_1_20_1:onyx_armor_boots":1,"minecraft:cracked_stone_bricks":3,"minecraft:beef":14,"minecraft:poppy":37,"minecraft:light_gray_wool":1,"minecraft:chest":2,"minecraft:birch_sapling":13,"minecraft:egg":10,"minecraft:dark_oak_sapling":2,"minecraft:raw_iron":30,"minecraft:oak_door":1,"minecraft:copper_ingot":3,"minecraft:note_block":57,"minecraft:carrot":1,"uniquedungeons:ancient_note":1,"minecraft:redstone":62,"minecraft:prismarine_crystals":3,"minecraft:stone_pressure_plate":13,"minecraft:dark_oak_planks":28,"new_ores_1_20_1:sunstone_ore":4,"minecraft:arrow":23,"minecraft:peony":2,"minecraft:hay_block":48,"minecraft:cracked_deepslate_bricks":8,"minecraft:totem_of_undying":1,"minecraft:saddle":2,"minecraft:gold_ingot":7,"minecraft:mutton":26,"minecraft:white_wool":5,"minecraft:oxeye_daisy":97,"minecraft:cracked_deepslate_tiles":1,"new_ores_1_20_1:onyx_armor_chestplate":1,"minecraft:dark_oak_button":2,"horror_element_mod:atmosphere_block":1,"minecraft:leather":10,"minecraft:red_mushroom":23,"uniquedungeons:ceramic_shard":4,"minecraft:birch_planks":1,"minecraft:oak_log":624,"minecraft:gunpowder":10,"minecraft:white_banner":3,"minecraft:apple":12,"minecraft:stone_bricks":49,"minecraft:kelp":1,"horror_element_mod:bloody_tombstone":1,"minecraft:iron_ingot":8,"minecraft:oak_fence_gate":1,"minecraft:gray_bed":1,"minecraft:flowering_azalea":1,"minecraft:dark_oak_stairs":1,"minecraft:book":18,"minecraft:black_candle":9,"new_ores_1_20_1:onyx_armor_leggings":1,"minecraft:emerald_block":2,"horror_element_mod:blood_7":3,"minecraft:raw_iron_block":1,"minecraft:gravel":22,"minecraft:white_bed":1,"minecraft:green_carpet":18,"minecraft:spider_eye":2,"undead_revamp2:rawbostrox":3,"travelersbackpack:standard":3,"minecraft:iron_helmet":1,"new_ores_1_20_1:turmaline_ore":7,"minecraft:gray_wool":16,"minecraft:black_wool":1,"minecraft:coal":53},"minecraft:killed":{"endofherobrine:silverfish":5,"minecraft:witch":1,"minecraft:spider":6,"undead_revamp2:thesmoker":2,"undead_revamp2:theswarmer":1,"minecraft:skeleton":26,"undead_revamp2:therod":1,"minecraft:wolf":1,"minecraft:pig":1,"man:managgresive":1,"undead_revamp2:theheavy":1,"minecraft:creeper":9,"minecraft:sheep":6,"minecraft:trader_llama":2,"minecraft:pillager":6,"minecraft:zombie":52,"endofherobrine:cow":3,"minecraft:cow":8,"minecraft:vex":1,"minecraft:evoker":1,"undead_revamp2:thehunter":11,"minecraft:vindicator":3,"undead_revamp2:bomber":1,"minecraft:horse":2,"minecraft:drowned":4,"undead_revamp2:sucker":6,"endofherobrine:villager":1,"undead_revamp2:the_moonflower":8,"eeeabsmobs:corpse_to_player":2,"minecraft:ravager":2,"undead_revamp2:thesomnolence":1},"minecraft:custom":{"minecraft:animals_bred":53,"minecraft:interact_with_crafting_table":54,"minecraft:open_barrel":9,"minecraft:eat_cake_slice":2,"minecraft:leave_game":10,"minecraft:time_since_death":4149,"minecraft:damage_resisted":1935,"minecraft:sprint_one_cm":750230,"minecraft:drop":146,"minecraft:play_noteblock":72,"minecraft:talked_to_villager":16,"minecraft:play_time":533578,"minecraft:deaths":2,"minecraft:jump":7734,"minecraft:interact_with_brewingstand":1,"minecraft:walk_on_water_one_cm":46632,"minecraft:interact_with_furnace":45,"minecraft:sleep_in_bed":31,"minecraft:damage_dealt":42515,"minecraft:crouch_one_cm":43444,"minecraft:interact_with_smoker":5,"minecraft:inspect_dispenser":1,"minecraft:horse_one_cm":17319,"minecraft:mob_kills":185,"minecraft:inspect_hopper":1,"minecraft:damage_dealt_resisted":1243,"minecraft:climb_one_cm":5486,"minecraft:walk_one_cm":2360192,"minecraft:raid_win":1,"minecraft:sneak_time":12697,"minecraft:walk_under_water_one_cm":54252,"minecraft:interact_with_lectern":3,"minecraft:boat_one_cm":52010,"minecraft:interact_with_blast_furnace":1,"minecraft:total_world_time":533578,"minecraft:tune_noteblock":1,"minecraft:raid_trigger":1,"minecraft:interact_with_grindstone":1,"minecraft:time_since_rest":3140,"minecraft:damage_taken":5991,"minecraft:damage_absorbed":5003,"minecraft:trigger_trapped_chest":12,"minecraft:swim_one_cm":131628,"minecraft:fly_one_cm":941750,"minecraft:open_chest":207,"minecraft:fall_one_cm":159660}},"DataVersion":3465}